-- GROUP_STAGE
INSERT INTO groups (GROUP_ID, GROUP_NAME, STAGE_NAME, WIKI_LINK) VALUES ('1', 'A', 'Group A', 'https://en.wikipedia.org/wiki/2018_FIFA_World_Cup_Group_A');
INSERT INTO groups (GROUP_ID, GROUP_NAME, STAGE_NAME, WIKI_LINK) VALUES ('2', 'B', 'Group B', 'https://en.wikipedia.org/wiki/2018_FIFA_World_Cup_Group_B');
INSERT INTO groups (GROUP_ID, GROUP_NAME, STAGE_NAME, WIKI_LINK) VALUES ('3', 'C', 'Group C', 'https://en.wikipedia.org/wiki/2018_FIFA_World_Cup_Group_C');
INSERT INTO groups (GROUP_ID, GROUP_NAME, STAGE_NAME, WIKI_LINK) VALUES ('4', 'D', 'Group D', 'https://en.wikipedia.org/wiki/2018_FIFA_World_Cup_Group_D');
INSERT INTO groups (GROUP_ID, GROUP_NAME, STAGE_NAME, WIKI_LINK) VALUES ('5', 'E', 'Group E', 'https://en.wikipedia.org/wiki/2018_FIFA_World_Cup_Group_E');
INSERT INTO groups (GROUP_ID, GROUP_NAME, STAGE_NAME, WIKI_LINK) VALUES ('6', 'F', 'Group F', 'https://en.wikipedia.org/wiki/2018_FIFA_World_Cup_Group_F');
INSERT INTO groups (GROUP_ID, GROUP_NAME, STAGE_NAME, WIKI_LINK) VALUES ('7', 'G', 'Group G', 'https://en.wikipedia.org/wiki/2018_FIFA_World_Cup_Group_G');
INSERT INTO groups (GROUP_ID, GROUP_NAME, STAGE_NAME, WIKI_LINK) VALUES ('8', 'H', 'Group H', 'https://en.wikipedia.org/wiki/2018_FIFA_World_Cup_Group_H');
INSERT INTO groups (GROUP_ID, GROUP_NAME, STAGE_NAME, WIKI_LINK) VALUES ('9', '16', 'Round of 16', 'https://en.wikipedia.org/wiki/2018_FIFA_World_Cup#Round_of_16');
INSERT INTO groups (GROUP_ID, GROUP_NAME, STAGE_NAME, WIKI_LINK) VALUES ('10', '8', 'Quarter-finals', 'https://en.wikipedia.org/wiki/2018_FIFA_World_Cup#Quarter-finals');
INSERT INTO groups (GROUP_ID, GROUP_NAME, STAGE_NAME, WIKI_LINK) VALUES ('11', '4', 'Semi-finals', 'https://en.wikipedia.org/wiki/2018_FIFA_World_Cup#Semi-finals');
INSERT INTO groups (GROUP_ID, GROUP_NAME, STAGE_NAME, WIKI_LINK) VALUES ('12', '2', 'Third place match', 'https://en.wikipedia.org/wiki/2018_FIFA_World_Cup#Third_place_play-off');
INSERT INTO groups (GROUP_ID, GROUP_NAME, STAGE_NAME, WIKI_LINK) VALUES ('13', '1', 'Final', 'https://en.wikipedia.org/wiki/2018_FIFA_World_Cup#Final');

-- TEAM
INSERT INTO teams (TEAM_ID, TEAM_NAME, GROUP_ID, TEAM_ACTIVE, WIKI_LINK, FLAG_FILENAME) VALUES ('1', 'Brazil', '1', 1, 'http://en.wikipedia.org/wiki/Brazil_national_football_team', 'Brazil-Flag.png');
INSERT INTO teams (TEAM_ID, TEAM_NAME, GROUP_ID, TEAM_ACTIVE, WIKI_LINK, FLAG_FILENAME) VALUES ('2', 'Croatia', '1', 1, 'http://en.wikipedia.org/wiki/Croatia_national_football_team', 'Croatian-Flag.png');
INSERT INTO teams (TEAM_ID, TEAM_NAME, GROUP_ID, TEAM_ACTIVE, WIKI_LINK, FLAG_FILENAME) VALUES ('3', 'Mexico', '1', 1, 'http://en.wikipedia.org/wiki/Mexico_national_football_team', 'Mexico-Flag.png');
INSERT INTO teams (TEAM_ID, TEAM_NAME, GROUP_ID, TEAM_ACTIVE, WIKI_LINK, FLAG_FILENAME) VALUES ('4', 'Cameroon', '1', 1, 'http://en.wikipedia.org/wiki/Cameroon_national_football_team', 'Cameroon-Flag.png');
INSERT INTO teams (TEAM_ID, TEAM_NAME, GROUP_ID, TEAM_ACTIVE, WIKI_LINK, FLAG_FILENAME) VALUES ('5', 'Spain', '2', 1, 'http://en.wikipedia.org/wiki/Spain_national_football_team', 'Spain-Flag.png');
INSERT INTO teams (TEAM_ID, TEAM_NAME, GROUP_ID, TEAM_ACTIVE, WIKI_LINK, FLAG_FILENAME) VALUES ('6', 'Netherlands', '2', 1, 'http://en.wikipedia.org/wiki/Netherlands_national_football_team', 'Netherlands-Flag.png');
INSERT INTO teams (TEAM_ID, TEAM_NAME, GROUP_ID, TEAM_ACTIVE, WIKI_LINK, FLAG_FILENAME) VALUES ('7', 'Chile', '2', 1, 'http://en.wikipedia.org/wiki/Chile_national_football_team', 'Chile-Flag.png');
INSERT INTO teams (TEAM_ID, TEAM_NAME, GROUP_ID, TEAM_ACTIVE, WIKI_LINK, FLAG_FILENAME) VALUES ('8', 'Australia', '2', 1, 'http://en.wikipedia.org/wiki/Australia_national_association_football_team', 'Australia-Flag.png');
INSERT INTO teams (TEAM_ID, TEAM_NAME, GROUP_ID, TEAM_ACTIVE, WIKI_LINK, FLAG_FILENAME) VALUES ('9', 'Colombia', '3', 1, 'http://en.wikipedia.org/wiki/Colombia_national_football_team', 'Colombia-Flag.png');
INSERT INTO teams (TEAM_ID, TEAM_NAME, GROUP_ID, TEAM_ACTIVE, WIKI_LINK, FLAG_FILENAME) VALUES ('10', 'Greece', '3', 1, 'http://en.wikipedia.org/wiki/Greece_national_football_team', 'Greece-Flag.png');
INSERT INTO teams (TEAM_ID, TEAM_NAME, GROUP_ID, TEAM_ACTIVE, WIKI_LINK, FLAG_FILENAME) VALUES ('11', 'Ivory Coast', '3', 1, 'http://en.wikipedia.org/wiki/Ivory_Coast_national_football_team', 'Ivory-Coast-Flag.png');
INSERT INTO teams (TEAM_ID, TEAM_NAME, GROUP_ID, TEAM_ACTIVE, WIKI_LINK, FLAG_FILENAME) VALUES ('12', 'Japan', '3', 1, 'http://en.wikipedia.org/wiki/Japan_national_football_team', 'Japan-Flag.png');
INSERT INTO teams (TEAM_ID, TEAM_NAME, GROUP_ID, TEAM_ACTIVE, WIKI_LINK, FLAG_FILENAME) VALUES ('13', 'Uruguay', '4', 1, 'http://en.wikipedia.org/wiki/Uruguay_national_football_team', 'Uruguay-Flag.png');
INSERT INTO teams (TEAM_ID, TEAM_NAME, GROUP_ID, TEAM_ACTIVE, WIKI_LINK, FLAG_FILENAME) VALUES ('14', 'Costa Rica', '4', 1, 'http://en.wikipedia.org/wiki/Costa_Rica_national_football_team', 'Costa-Rica-Flag.png');
INSERT INTO teams (TEAM_ID, TEAM_NAME, GROUP_ID, TEAM_ACTIVE, WIKI_LINK, FLAG_FILENAME) VALUES ('15', 'England', '4', 1, 'http://en.wikipedia.org/wiki/England_national_football_team', 'England-Flag.png');
INSERT INTO teams (TEAM_ID, TEAM_NAME, GROUP_ID, TEAM_ACTIVE, WIKI_LINK, FLAG_FILENAME) VALUES ('16', 'Italy', '4', 1, 'http://en.wikipedia.org/wiki/Italy_national_football_team', 'Italy-Flag.png');
INSERT INTO teams (TEAM_ID, TEAM_NAME, GROUP_ID, TEAM_ACTIVE, WIKI_LINK, FLAG_FILENAME) VALUES ('17', 'Switzerland', '5', 1, 'http://en.wikipedia.org/wiki/Switzerland_national_football_team', 'Switzerland-Flag.png');
INSERT INTO teams (TEAM_ID, TEAM_NAME, GROUP_ID, TEAM_ACTIVE, WIKI_LINK, FLAG_FILENAME) VALUES ('18', 'Ecuador', '5', 1, 'http://en.wikipedia.org/wiki/Ecuador_national_football_team', 'Ecuador-Flag.png');
INSERT INTO teams (TEAM_ID, TEAM_NAME, GROUP_ID, TEAM_ACTIVE, WIKI_LINK, FLAG_FILENAME) VALUES ('19', 'France', '5', 1, 'http://en.wikipedia.org/wiki/France_national_football_team', 'France-Flag.png');
INSERT INTO teams (TEAM_ID, TEAM_NAME, GROUP_ID, TEAM_ACTIVE, WIKI_LINK, FLAG_FILENAME) VALUES ('20', 'Honduras', '5', 1, 'http://en.wikipedia.org/wiki/Honduras_national_football_team', 'Honduras-Flag.png');
INSERT INTO teams (TEAM_ID, TEAM_NAME, GROUP_ID, TEAM_ACTIVE, WIKI_LINK, FLAG_FILENAME) VALUES ('21', 'Argentina', '6', 1, 'http://en.wikipedia.org/wiki/Argentina_national_football_team', 'Argentina-Flag.png');
INSERT INTO teams (TEAM_ID, TEAM_NAME, GROUP_ID, TEAM_ACTIVE, WIKI_LINK, FLAG_FILENAME) VALUES ('22', 'Bosnia-Herzegovina', '6', 1, 'http://en.wikipedia.org/wiki/Bosnia_and_Herzegovina_national_football_team', 'Bosnian-Flag.png');
INSERT INTO teams (TEAM_ID, TEAM_NAME, GROUP_ID, TEAM_ACTIVE, WIKI_LINK, FLAG_FILENAME) VALUES ('23', 'Iran', '6', 1, 'http://en.wikipedia.org/wiki/Iran_national_football_team', 'Iran-Flag.png');
INSERT INTO teams (TEAM_ID, TEAM_NAME, GROUP_ID, TEAM_ACTIVE, WIKI_LINK, FLAG_FILENAME) VALUES ('24', 'Nigeria', '6', 1, 'http://en.wikipedia.org/wiki/Nigeria_national_football_team', 'Nigeria-Flag.png');
INSERT INTO teams (TEAM_ID, TEAM_NAME, GROUP_ID, TEAM_ACTIVE, WIKI_LINK, FLAG_FILENAME) VALUES ('25', 'Germany', '7', 1, 'http://en.wikipedia.org/wiki/Germany_national_football_team', 'Germany-Flag.png');
INSERT INTO teams (TEAM_ID, TEAM_NAME, GROUP_ID, TEAM_ACTIVE, WIKI_LINK, FLAG_FILENAME) VALUES ('26', 'Portugal', '7', 1, 'http://en.wikipedia.org/wiki/Portugal_national_football_team', 'Portugal-Flag.png');
INSERT INTO teams (TEAM_ID, TEAM_NAME, GROUP_ID, TEAM_ACTIVE, WIKI_LINK, FLAG_FILENAME) VALUES ('27', 'Ghana', '7', 1, 'http://en.wikipedia.org/wiki/Ghana_national_football_team', 'Ghana-Flag.png');
INSERT INTO teams (TEAM_ID, TEAM_NAME, GROUP_ID, TEAM_ACTIVE, WIKI_LINK, FLAG_FILENAME) VALUES ('28', 'United States', '7', 1, 'http://en.wikipedia.org/wiki/United_States_men%27s_national_soccer_team', 'United-States-Flag.png');
INSERT INTO teams (TEAM_ID, TEAM_NAME, GROUP_ID, TEAM_ACTIVE, WIKI_LINK, FLAG_FILENAME) VALUES ('29', 'Belgium', '8', 1, 'http://en.wikipedia.org/wiki/Belgium_national_football_team', 'Belgium-Flag.png');
INSERT INTO teams (TEAM_ID, TEAM_NAME, GROUP_ID, TEAM_ACTIVE, WIKI_LINK, FLAG_FILENAME) VALUES ('30', 'Algeria', '8', 1, 'http://en.wikipedia.org/wiki/Algeria_national_football_team', 'Algeria-Flag.png');
INSERT INTO teams (TEAM_ID, TEAM_NAME, GROUP_ID, TEAM_ACTIVE, WIKI_LINK, FLAG_FILENAME) VALUES ('31', 'Russia', '8', 1, 'http://en.wikipedia.org/wiki/Russia_national_football_team', 'Russia-Flag.png');
INSERT INTO teams (TEAM_ID, TEAM_NAME, GROUP_ID, TEAM_ACTIVE, WIKI_LINK, FLAG_FILENAME) VALUES ('32', 'South Korea', '8', 1, 'http://en.wikipedia.org/wiki/South_Korea_national_football_team', 'Korea-Flag.png');

-- VENUE
INSERT INTO venues (VENUE_ID, CITY_NAME, STADIUM_NAME, TIMEZONE_NAME, TIMEZONE_OFFSET, IANA_TIMEZONE_NAME, WIKI_CITY_LINK, WIKI_STADIUM_LINK) VALUES ('1', 'Rio de Janeiro', 'Estádio do Maracanã', 'BRT', '-3', 'America/Sao_Paulo', 'http://en.wikipedia.org/wiki/Rio_de_Janeiro', 'http://en.wikipedia.org/wiki/Est%C3%A1dio_do_Maracan%C3%A3');
INSERT INTO venues (VENUE_ID, CITY_NAME, STADIUM_NAME, TIMEZONE_NAME, TIMEZONE_OFFSET, IANA_TIMEZONE_NAME, WIKI_CITY_LINK, WIKI_STADIUM_LINK) VALUES ('2', 'Brasília', 'Estádio Nacional Mané Garrincha', 'BRT', '-3', 'America/Sao_Paulo', 'http://en.wikipedia.org/wiki/Bras%C3%Adlia', 'http://en.wikipedia.org/wiki/Est%C3%A1dio_Nacional_Man%C3%A9_Garrincha');
INSERT INTO venues (VENUE_ID, CITY_NAME, STADIUM_NAME, TIMEZONE_NAME, TIMEZONE_OFFSET, IANA_TIMEZONE_NAME, WIKI_CITY_LINK, WIKI_STADIUM_LINK) VALUES ('3', 'São Paulo', 'Arena Corinthians', 'BRT', '-3', 'America/Sao_Paulo', 'http://en.wikipedia.org/wiki/S%C3%A3o_Paulo', 'http://en.wikipedia.org/wiki/Arena_Corinthians');
INSERT INTO venues (VENUE_ID, CITY_NAME, STADIUM_NAME, TIMEZONE_NAME, TIMEZONE_OFFSET, IANA_TIMEZONE_NAME, WIKI_CITY_LINK, WIKI_STADIUM_LINK) VALUES ('4', 'Fortaleza', 'Estádio Castelão', 'BRT', '-3', 'America/Fortaleza', 'http://en.wikipedia.org/wiki/Fortaleza', 'http://en.wikipedia.org/wiki/Castel%C3%A3o_(Cear%C3%A1)');
INSERT INTO venues (VENUE_ID, CITY_NAME, STADIUM_NAME, TIMEZONE_NAME, TIMEZONE_OFFSET, IANA_TIMEZONE_NAME, WIKI_CITY_LINK, WIKI_STADIUM_LINK) VALUES ('5', 'Belo Horizonte', 'Estádio Mineirão', 'BRT', '-3', 'America/Sao_Paulo', 'http://en.wikipedia.org/wiki/Belo_Horizonte', 'http://en.wikipedia.org/wiki/Mineir%C3%A3o');
INSERT INTO venues (VENUE_ID, CITY_NAME, STADIUM_NAME, TIMEZONE_NAME, TIMEZONE_OFFSET, IANA_TIMEZONE_NAME, WIKI_CITY_LINK, WIKI_STADIUM_LINK) VALUES ('6', 'Porto Alegre', 'Estádio Beira-Rio', 'BRT', '-3', 'America/Sao_Paulo', 'http://en.wikipedia.org/wiki/Porto_Alegre', 'http://en.wikipedia.org/wiki/Est%C3%A1dio_Beira-Rio');
INSERT INTO venues (VENUE_ID, CITY_NAME, STADIUM_NAME, TIMEZONE_NAME, TIMEZONE_OFFSET, IANA_TIMEZONE_NAME, WIKI_CITY_LINK, WIKI_STADIUM_LINK) VALUES ('7', 'Salvador', 'Arena Fonte Nova', 'BRT', '-3', 'America/Fortaleza', 'http://en.wikipedia.org/wiki/Salvador,_Bahia', 'http://en.wikipedia.org/wiki/Itaipava_Arena_Fonte_Nova');
INSERT INTO venues (VENUE_ID, CITY_NAME, STADIUM_NAME, TIMEZONE_NAME, TIMEZONE_OFFSET, IANA_TIMEZONE_NAME, WIKI_CITY_LINK, WIKI_STADIUM_LINK) VALUES ('8', 'Recife', 'Arena Pernambuco', 'BRT', '-3', 'America/Fortaleza', 'http://en.wikipedia.org/wiki/Recife', 'http://en.wikipedia.org/wiki/Itaipava_Arena_Pernambuco');
INSERT INTO venues (VENUE_ID, CITY_NAME, STADIUM_NAME, TIMEZONE_NAME, TIMEZONE_OFFSET, IANA_TIMEZONE_NAME, WIKI_CITY_LINK, WIKI_STADIUM_LINK) VALUES ('9', 'Cuiabá', 'Arena Pantanal', 'AMT', '-4', 'America/Cuiaba', 'http://en.wikipedia.org/wiki/Cuiab%C3%A1', 'http://en.wikipedia.org/wiki/Arena_Pantanal');
INSERT INTO venues (VENUE_ID, CITY_NAME, STADIUM_NAME, TIMEZONE_NAME, TIMEZONE_OFFSET, IANA_TIMEZONE_NAME, WIKI_CITY_LINK, WIKI_STADIUM_LINK) VALUES ('10', 'Manaus', 'Arena da Amazônia', 'AST', '-4', 'America/Manaus', 'http://en.wikipedia.org/wiki/Manaus', 'http://en.wikipedia.org/wiki/Arena_da_Amaz%C3%B4nia');
INSERT INTO venues (VENUE_ID, CITY_NAME, STADIUM_NAME, TIMEZONE_NAME, TIMEZONE_OFFSET, IANA_TIMEZONE_NAME, WIKI_CITY_LINK, WIKI_STADIUM_LINK) VALUES ('11', 'Natal', 'Arena das Dunas', 'BRT', '-3', 'America/Fortaleza', 'http://en.wikipedia.org/wiki/Natal,_Rio_Grande_do_Norte', 'http://en.wikipedia.org/wiki/Arena_das_Dunas');
INSERT INTO venues (VENUE_ID, CITY_NAME, STADIUM_NAME, TIMEZONE_NAME, TIMEZONE_OFFSET, IANA_TIMEZONE_NAME, WIKI_CITY_LINK, WIKI_STADIUM_LINK) VALUES ('12', 'Curitiba', 'Arena da Baixada', 'BRT', '-3', 'America/Sao_Paulo', 'http://en.wikipedia.org/wiki/Curitiba', 'http://en.wikipedia.org/wiki/Arena_da_Baixada');

-- COUNTRY
INSERT INTO countries (COUNTRY_ID, COUNTRY_NAME, FLAG_FILENAME) VALUES ('1', 'Afghanistan', 'Afghanistan-Flag.png');
INSERT INTO countries (COUNTRY_ID, COUNTRY_NAME, FLAG_FILENAME) VALUES ('2', 'Albania', 'Albania-Flag.png');
INSERT INTO countries (COUNTRY_ID, COUNTRY_NAME, FLAG_FILENAME) VALUES ('3', 'Algeria', 'Algeria-Flag.png');
INSERT INTO countries (COUNTRY_ID, COUNTRY_NAME, FLAG_FILENAME) VALUES ('4', 'Andorra', 'Andorra-Flag.png');
INSERT INTO countries (COUNTRY_ID, COUNTRY_NAME, FLAG_FILENAME) VALUES ('5', 'Angola', 'Angola-Flag.png');
INSERT INTO countries (COUNTRY_ID, COUNTRY_NAME, FLAG_FILENAME) VALUES ('6', 'Antarctica', 'Antarctica-Flag.png');
INSERT INTO countries (COUNTRY_ID, COUNTRY_NAME, FLAG_FILENAME) VALUES ('7', 'Antigua and Barbuda', 'Antigua-and-Barbuda-Flag.png');
INSERT INTO countries (COUNTRY_ID, COUNTRY_NAME, FLAG_FILENAME) VALUES ('8', 'Argentina', 'Argentina-Flag.png');
INSERT INTO countries (COUNTRY_ID, COUNTRY_NAME, FLAG_FILENAME) VALUES ('9', 'Armenia', 'Armenia-Flag.png');
INSERT INTO countries (COUNTRY_ID, COUNTRY_NAME, FLAG_FILENAME) VALUES ('10', 'Australia', 'Australia-Flag.png');
INSERT INTO countries (COUNTRY_ID, COUNTRY_NAME, FLAG_FILENAME) VALUES ('11', 'Austria', 'Austria-Flag.png');
INSERT INTO countries (COUNTRY_ID, COUNTRY_NAME, FLAG_FILENAME) VALUES ('12', 'Azerbaijan', 'Azerbaijan-Flag.png');
INSERT INTO countries (COUNTRY_ID, COUNTRY_NAME, FLAG_FILENAME) VALUES ('13', 'Bahamas', 'Bahamas-Flag.png');
INSERT INTO countries (COUNTRY_ID, COUNTRY_NAME, FLAG_FILENAME) VALUES ('14', 'Bahrain', 'Bahrain-Flag.png');
INSERT INTO countries (COUNTRY_ID, COUNTRY_NAME, FLAG_FILENAME) VALUES ('15', 'Bangladesh', 'Bangladesh-Flag.png');
INSERT INTO countries (COUNTRY_ID, COUNTRY_NAME, FLAG_FILENAME) VALUES ('16', 'Barbados', 'Barbados-Flag.png');
INSERT INTO countries (COUNTRY_ID, COUNTRY_NAME, FLAG_FILENAME) VALUES ('17', 'Belarus', 'Belarus-Flag.png');
INSERT INTO countries (COUNTRY_ID, COUNTRY_NAME, FLAG_FILENAME) VALUES ('18', 'Belgium', 'Belgium-Flag.png');
INSERT INTO countries (COUNTRY_ID, COUNTRY_NAME, FLAG_FILENAME) VALUES ('19', 'Belize', 'Belize-Flag.png');
INSERT INTO countries (COUNTRY_ID, COUNTRY_NAME, FLAG_FILENAME) VALUES ('20', 'Benin', 'Benin-Flag.png');
INSERT INTO countries (COUNTRY_ID, COUNTRY_NAME, FLAG_FILENAME) VALUES ('21', 'Bhutan', 'Bhutan-Flag.png');
INSERT INTO countries (COUNTRY_ID, COUNTRY_NAME, FLAG_FILENAME) VALUES ('22', 'Bolivia', 'Bolivia-Flag.png');
INSERT INTO countries (COUNTRY_ID, COUNTRY_NAME, FLAG_FILENAME) VALUES ('23', 'Bonaire', 'Bonaire-Flag.png');
INSERT INTO countries (COUNTRY_ID, COUNTRY_NAME, FLAG_FILENAME) VALUES ('24', 'Bosnian', 'Bosnian-Flag.png');
INSERT INTO countries (COUNTRY_ID, COUNTRY_NAME, FLAG_FILENAME) VALUES ('25', 'Botswana', 'Botswana-Flag.png');
INSERT INTO countries (COUNTRY_ID, COUNTRY_NAME, FLAG_FILENAME) VALUES ('26', 'Brazil', 'Brazil-Flag.png');
INSERT INTO countries (COUNTRY_ID, COUNTRY_NAME, FLAG_FILENAME) VALUES ('27', 'Brunei', 'Brunei-Flag.png');
INSERT INTO countries (COUNTRY_ID, COUNTRY_NAME, FLAG_FILENAME) VALUES ('28', 'Bulgaria', 'Bulgaria-Flag.png');
INSERT INTO countries (COUNTRY_ID, COUNTRY_NAME, FLAG_FILENAME) VALUES ('29', 'Burkina Faso', 'Burkina-Faso-Flag.png');
INSERT INTO countries (COUNTRY_ID, COUNTRY_NAME, FLAG_FILENAME) VALUES ('30', 'Burma', 'Burma-Flag.png');
INSERT INTO countries (COUNTRY_ID, COUNTRY_NAME, FLAG_FILENAME) VALUES ('31', 'Burundi', 'Burundi-Flag.png');
INSERT INTO countries (COUNTRY_ID, COUNTRY_NAME, FLAG_FILENAME) VALUES ('32', 'Cambodia', 'Cambodia-Flag.png');
INSERT INTO countries (COUNTRY_ID, COUNTRY_NAME, FLAG_FILENAME) VALUES ('33', 'Cameroon', 'Cameroon-Flag.png');
INSERT INTO countries (COUNTRY_ID, COUNTRY_NAME, FLAG_FILENAME) VALUES ('34', 'Canada', 'Canada-Flag.png');
INSERT INTO countries (COUNTRY_ID, COUNTRY_NAME, FLAG_FILENAME) VALUES ('35', 'Cape Verde', 'Cape-Verde-Flag.png');
INSERT INTO countries (COUNTRY_ID, COUNTRY_NAME, FLAG_FILENAME) VALUES ('36', 'Central African Republic', 'Central-African-Republic-Flag.png');
INSERT INTO countries (COUNTRY_ID, COUNTRY_NAME, FLAG_FILENAME) VALUES ('37', 'Chad', 'Chad-Flag.png');
INSERT INTO countries (COUNTRY_ID, COUNTRY_NAME, FLAG_FILENAME) VALUES ('38', 'Chile', 'Chile-Flag.png');
INSERT INTO countries (COUNTRY_ID, COUNTRY_NAME, FLAG_FILENAME) VALUES ('39', 'China', 'China-Flag.png');
INSERT INTO countries (COUNTRY_ID, COUNTRY_NAME, FLAG_FILENAME) VALUES ('40', 'Cocos Islands', 'Cocos-Islands-Flag.png');
INSERT INTO countries (COUNTRY_ID, COUNTRY_NAME, FLAG_FILENAME) VALUES ('41', 'Colombia', 'Colombia-Flag.png');
INSERT INTO countries (COUNTRY_ID, COUNTRY_NAME, FLAG_FILENAME) VALUES ('42', 'Comoros', 'Comoros-Flag.png');
INSERT INTO countries (COUNTRY_ID, COUNTRY_NAME, FLAG_FILENAME) VALUES ('43', 'Congo', 'Congo-Flag.png');
INSERT INTO countries (COUNTRY_ID, COUNTRY_NAME, FLAG_FILENAME) VALUES ('44', 'Cook Islands', 'Cook-Islands-Flag.png');
INSERT INTO countries (COUNTRY_ID, COUNTRY_NAME, FLAG_FILENAME) VALUES ('45', 'Costa Rica', 'Costa-Rica-Flag.png');
INSERT INTO countries (COUNTRY_ID, COUNTRY_NAME, FLAG_FILENAME) VALUES ('46', 'Croatian', 'Croatian-Flag.png');
INSERT INTO countries (COUNTRY_ID, COUNTRY_NAME, FLAG_FILENAME) VALUES ('47', 'Cuba', 'Cuba-Flag.png');
INSERT INTO countries (COUNTRY_ID, COUNTRY_NAME, FLAG_FILENAME) VALUES ('48', 'Curacao', 'Curacao-Flag.png');
INSERT INTO countries (COUNTRY_ID, COUNTRY_NAME, FLAG_FILENAME) VALUES ('49', 'Cyprus', 'Cyprus-Flag.png');
INSERT INTO countries (COUNTRY_ID, COUNTRY_NAME, FLAG_FILENAME) VALUES ('50', 'Czech Republic', 'Czech-Republic-Flag.png');
INSERT INTO countries (COUNTRY_ID, COUNTRY_NAME, FLAG_FILENAME) VALUES ('51', 'Denmark', 'Denmark-Flag.png');
INSERT INTO countries (COUNTRY_ID, COUNTRY_NAME, FLAG_FILENAME) VALUES ('52', 'Djibouti', 'Djibouti-Flag.png');
INSERT INTO countries (COUNTRY_ID, COUNTRY_NAME, FLAG_FILENAME) VALUES ('53', 'Dominica  ', 'Dominica - Flag.png');
INSERT INTO countries (COUNTRY_ID, COUNTRY_NAME, FLAG_FILENAME) VALUES ('54', 'Dominican Republic', 'Dominican-Republic-Flag.png');
INSERT INTO countries (COUNTRY_ID, COUNTRY_NAME, FLAG_FILENAME) VALUES ('55', 'DR Congo', 'DR-Congo-Flag.png');
INSERT INTO countries (COUNTRY_ID, COUNTRY_NAME, FLAG_FILENAME) VALUES ('56', 'East Timor', 'East-Timor-Flag.png');
INSERT INTO countries (COUNTRY_ID, COUNTRY_NAME, FLAG_FILENAME) VALUES ('57', 'Ecuador', 'Ecuador-Flag.png');
INSERT INTO countries (COUNTRY_ID, COUNTRY_NAME, FLAG_FILENAME) VALUES ('58', 'Egypt', 'Egypt-Flag.png');
INSERT INTO countries (COUNTRY_ID, COUNTRY_NAME, FLAG_FILENAME) VALUES ('59', 'El Salvador', 'El-Salvador-Flag.png');
INSERT INTO countries (COUNTRY_ID, COUNTRY_NAME, FLAG_FILENAME) VALUES ('60', 'England', 'England-Flag.png');
INSERT INTO countries (COUNTRY_ID, COUNTRY_NAME, FLAG_FILENAME) VALUES ('61', 'Equatorial Guinea', 'Equatorial-Guinea-Flag.png');
INSERT INTO countries (COUNTRY_ID, COUNTRY_NAME, FLAG_FILENAME) VALUES ('62', 'Eritrea', 'Eritrea-Flag.png');
INSERT INTO countries (COUNTRY_ID, COUNTRY_NAME, FLAG_FILENAME) VALUES ('63', 'Estonia', 'Estonia-Flag.png');
INSERT INTO countries (COUNTRY_ID, COUNTRY_NAME, FLAG_FILENAME) VALUES ('64', 'Ethiopia', 'Ethiopia-Flag.png');
INSERT INTO countries (COUNTRY_ID, COUNTRY_NAME, FLAG_FILENAME) VALUES ('65', 'Faroe Islands', 'Faroe-Islands-Flag.png');
INSERT INTO countries (COUNTRY_ID, COUNTRY_NAME, FLAG_FILENAME) VALUES ('66', 'Fiji', 'Fiji-Flag.png');
INSERT INTO countries (COUNTRY_ID, COUNTRY_NAME, FLAG_FILENAME) VALUES ('67', 'Finland', 'Finland-Flag.png');
INSERT INTO countries (COUNTRY_ID, COUNTRY_NAME, FLAG_FILENAME) VALUES ('68', 'France', 'France-Flag.png');
INSERT INTO countries (COUNTRY_ID, COUNTRY_NAME, FLAG_FILENAME) VALUES ('69', 'Gabon', 'Gabon-Flag.png');
INSERT INTO countries (COUNTRY_ID, COUNTRY_NAME, FLAG_FILENAME) VALUES ('70', 'Gambia', 'Gambia-Flag.png');
INSERT INTO countries (COUNTRY_ID, COUNTRY_NAME, FLAG_FILENAME) VALUES ('71', 'Georgia', 'Georgia-Flag.png');
INSERT INTO countries (COUNTRY_ID, COUNTRY_NAME, FLAG_FILENAME) VALUES ('72', 'Germany', 'Germany-Flag.png');
INSERT INTO countries (COUNTRY_ID, COUNTRY_NAME, FLAG_FILENAME) VALUES ('73', 'Ghana', 'Ghana-Flag.png');
INSERT INTO countries (COUNTRY_ID, COUNTRY_NAME, FLAG_FILENAME) VALUES ('74', 'Gibraltar', 'Gibraltar-Flag.png');
INSERT INTO countries (COUNTRY_ID, COUNTRY_NAME, FLAG_FILENAME) VALUES ('75', 'Greece', 'Greece-Flag.png');
INSERT INTO countries (COUNTRY_ID, COUNTRY_NAME, FLAG_FILENAME) VALUES ('76', 'Greenland', 'Greenland-Flag.png');
INSERT INTO countries (COUNTRY_ID, COUNTRY_NAME, FLAG_FILENAME) VALUES ('77', 'Grenada', 'Grenada-Flag.png');
INSERT INTO countries (COUNTRY_ID, COUNTRY_NAME, FLAG_FILENAME) VALUES ('78', 'Guam', 'Guam-Flag.png');
INSERT INTO countries (COUNTRY_ID, COUNTRY_NAME, FLAG_FILENAME) VALUES ('79', 'Guatemala', 'Guatemala-Flag.png');
INSERT INTO countries (COUNTRY_ID, COUNTRY_NAME, FLAG_FILENAME) VALUES ('80', 'Guernsey', 'Guernsey-Flag.png');
INSERT INTO countries (COUNTRY_ID, COUNTRY_NAME, FLAG_FILENAME) VALUES ('81', 'Guinea Bissau', 'Guinea-Bissau-Flag.png');
INSERT INTO countries (COUNTRY_ID, COUNTRY_NAME, FLAG_FILENAME) VALUES ('82', 'Guinea', 'Guinea-Flag.png');
INSERT INTO countries (COUNTRY_ID, COUNTRY_NAME, FLAG_FILENAME) VALUES ('83', 'Guyana', 'Guyana-Flag.png');
INSERT INTO countries (COUNTRY_ID, COUNTRY_NAME, FLAG_FILENAME) VALUES ('84', 'Haiti', 'Haiti-Flag.png');
INSERT INTO countries (COUNTRY_ID, COUNTRY_NAME, FLAG_FILENAME) VALUES ('85', 'Honduras', 'Honduras-Flag.png');
INSERT INTO countries (COUNTRY_ID, COUNTRY_NAME, FLAG_FILENAME) VALUES ('86', 'Hong Kong', 'Hong-Kong-Flag.png');
INSERT INTO countries (COUNTRY_ID, COUNTRY_NAME, FLAG_FILENAME) VALUES ('87', 'Hungary', 'Hungary-Flag.png');
INSERT INTO countries (COUNTRY_ID, COUNTRY_NAME, FLAG_FILENAME) VALUES ('88', 'Iceland', 'Iceland-Flag.png');
INSERT INTO countries (COUNTRY_ID, COUNTRY_NAME, FLAG_FILENAME) VALUES ('89', 'India', 'India-Flag.png');
INSERT INTO countries (COUNTRY_ID, COUNTRY_NAME, FLAG_FILENAME) VALUES ('90', 'Indonesia', 'Indonesia-Flag.png');
INSERT INTO countries (COUNTRY_ID, COUNTRY_NAME, FLAG_FILENAME) VALUES ('91', 'Iran', 'Iran-Flag.png');
INSERT INTO countries (COUNTRY_ID, COUNTRY_NAME, FLAG_FILENAME) VALUES ('92', 'Iraq', 'Iraq-Flag.png');
INSERT INTO countries (COUNTRY_ID, COUNTRY_NAME, FLAG_FILENAME) VALUES ('93', 'Ireland', 'Ireland-Flag.png');
INSERT INTO countries (COUNTRY_ID, COUNTRY_NAME, FLAG_FILENAME) VALUES ('94', 'Isle of Man', 'Isle-of-Man-Flag.png');
INSERT INTO countries (COUNTRY_ID, COUNTRY_NAME, FLAG_FILENAME) VALUES ('95', 'Israel', 'Israel-Flag.png');
INSERT INTO countries (COUNTRY_ID, COUNTRY_NAME, FLAG_FILENAME) VALUES ('96', 'Italy', 'Italy-Flag.png');
INSERT INTO countries (COUNTRY_ID, COUNTRY_NAME, FLAG_FILENAME) VALUES ('97', 'Ivory Coast', 'Ivory-Coast-Flag.png');
INSERT INTO countries (COUNTRY_ID, COUNTRY_NAME, FLAG_FILENAME) VALUES ('98', 'Jamaica', 'Jamaica-Flag.png');
INSERT INTO countries (COUNTRY_ID, COUNTRY_NAME, FLAG_FILENAME) VALUES ('99', 'Japan', 'Japan-Flag.png');
INSERT INTO countries (COUNTRY_ID, COUNTRY_NAME, FLAG_FILENAME) VALUES ('100', 'Jersey', 'Jersey-Flag.png');
INSERT INTO countries (COUNTRY_ID, COUNTRY_NAME, FLAG_FILENAME) VALUES ('101', 'Jordan', 'Jordan-Flag.png');
INSERT INTO countries (COUNTRY_ID, COUNTRY_NAME, FLAG_FILENAME) VALUES ('102', 'Kazakhstan', 'Kazakhstan-Flag.png');
INSERT INTO countries (COUNTRY_ID, COUNTRY_NAME, FLAG_FILENAME) VALUES ('103', 'Kenya', 'Kenya-Flag.png');
INSERT INTO countries (COUNTRY_ID, COUNTRY_NAME, FLAG_FILENAME) VALUES ('104', 'Kiribati', 'Kiribati-Flag.png');
INSERT INTO countries (COUNTRY_ID, COUNTRY_NAME, FLAG_FILENAME) VALUES ('105', 'Korea', 'Korea-Flag.png');
INSERT INTO countries (COUNTRY_ID, COUNTRY_NAME, FLAG_FILENAME) VALUES ('106', 'Kosovo', 'Kosovo-Flag.png');
INSERT INTO countries (COUNTRY_ID, COUNTRY_NAME, FLAG_FILENAME) VALUES ('107', 'Kuwait', 'Kuwait-Flag.png');
INSERT INTO countries (COUNTRY_ID, COUNTRY_NAME, FLAG_FILENAME) VALUES ('108', 'Kyrgyzstan', 'Kyrgyzstan-Flag.png');
INSERT INTO countries (COUNTRY_ID, COUNTRY_NAME, FLAG_FILENAME) VALUES ('109', 'Laos', 'Laos-Flag.png');
INSERT INTO countries (COUNTRY_ID, COUNTRY_NAME, FLAG_FILENAME) VALUES ('110', 'Latvia', 'Latvia-Flag.png');
INSERT INTO countries (COUNTRY_ID, COUNTRY_NAME, FLAG_FILENAME) VALUES ('111', 'Lebanon', 'Lebanon-Flag.png');
INSERT INTO countries (COUNTRY_ID, COUNTRY_NAME, FLAG_FILENAME) VALUES ('112', 'Lesotho', 'Lesotho-Flag.png');
INSERT INTO countries (COUNTRY_ID, COUNTRY_NAME, FLAG_FILENAME) VALUES ('113', 'Liberia', 'Liberia-Flag.png');
INSERT INTO countries (COUNTRY_ID, COUNTRY_NAME, FLAG_FILENAME) VALUES ('114', 'Libya', 'Libya-Flag.png');
INSERT INTO countries (COUNTRY_ID, COUNTRY_NAME, FLAG_FILENAME) VALUES ('115', 'Liechtenstein', 'Liechtenstein-Flag.png');
INSERT INTO countries (COUNTRY_ID, COUNTRY_NAME, FLAG_FILENAME) VALUES ('116', 'Lithuania', 'Lithuania-Flag.png');
INSERT INTO countries (COUNTRY_ID, COUNTRY_NAME, FLAG_FILENAME) VALUES ('117', 'Luxembourg', 'Luxembourg-Flag.png');
INSERT INTO countries (COUNTRY_ID, COUNTRY_NAME, FLAG_FILENAME) VALUES ('118', 'Macau', 'Macau-Flag.png');
INSERT INTO countries (COUNTRY_ID, COUNTRY_NAME, FLAG_FILENAME) VALUES ('119', 'Macedonia', 'Macedonia-Flag.png');
INSERT INTO countries (COUNTRY_ID, COUNTRY_NAME, FLAG_FILENAME) VALUES ('120', 'Madagascar', 'Madagascar-Flag.png');
INSERT INTO countries (COUNTRY_ID, COUNTRY_NAME, FLAG_FILENAME) VALUES ('121', 'Malawi', 'Malawi-Flag.png');
INSERT INTO countries (COUNTRY_ID, COUNTRY_NAME, FLAG_FILENAME) VALUES ('122', 'Malaysia', 'Malaysia-Flag.png');
INSERT INTO countries (COUNTRY_ID, COUNTRY_NAME, FLAG_FILENAME) VALUES ('123', 'Maldives', 'Maldives-Flag.png');
INSERT INTO countries (COUNTRY_ID, COUNTRY_NAME, FLAG_FILENAME) VALUES ('124', 'Mali', 'Mali-Flag.png');
INSERT INTO countries (COUNTRY_ID, COUNTRY_NAME, FLAG_FILENAME) VALUES ('125', 'Malta', 'Malta-Flag.png');
INSERT INTO countries (COUNTRY_ID, COUNTRY_NAME, FLAG_FILENAME) VALUES ('126', 'Marshall Islands', 'Marshall-Islands-Flag.png');
INSERT INTO countries (COUNTRY_ID, COUNTRY_NAME, FLAG_FILENAME) VALUES ('127', 'Mauritania', 'Mauritania-Flag.png');
INSERT INTO countries (COUNTRY_ID, COUNTRY_NAME, FLAG_FILENAME) VALUES ('128', 'Mauritius', 'Mauritius-Flag.png');
INSERT INTO countries (COUNTRY_ID, COUNTRY_NAME, FLAG_FILENAME) VALUES ('129', 'Mayotte', 'Mayotte-Flag.png');
INSERT INTO countries (COUNTRY_ID, COUNTRY_NAME, FLAG_FILENAME) VALUES ('130', 'Mexico', 'Mexico-Flag.png');
INSERT INTO countries (COUNTRY_ID, COUNTRY_NAME, FLAG_FILENAME) VALUES ('131', 'Micronesia', 'Micronesia-Flag.png');
INSERT INTO countries (COUNTRY_ID, COUNTRY_NAME, FLAG_FILENAME) VALUES ('132', 'Moldova', 'Moldova-Flag.png');
INSERT INTO countries (COUNTRY_ID, COUNTRY_NAME, FLAG_FILENAME) VALUES ('133', 'Monaco', 'Monaco-Flag.png');
INSERT INTO countries (COUNTRY_ID, COUNTRY_NAME, FLAG_FILENAME) VALUES ('134', 'Mongolia', 'Mongolia-Flag.png');
INSERT INTO countries (COUNTRY_ID, COUNTRY_NAME, FLAG_FILENAME) VALUES ('135', 'Montenegro', 'Montenegro-Flag.png');
INSERT INTO countries (COUNTRY_ID, COUNTRY_NAME, FLAG_FILENAME) VALUES ('136', 'Montserrat', 'Montserrat-Flag.png');
INSERT INTO countries (COUNTRY_ID, COUNTRY_NAME, FLAG_FILENAME) VALUES ('137', 'Morocco', 'Morocco-Flag.png');
INSERT INTO countries (COUNTRY_ID, COUNTRY_NAME, FLAG_FILENAME) VALUES ('138', 'Mozambique', 'Mozambique-Flag.png');
INSERT INTO countries (COUNTRY_ID, COUNTRY_NAME, FLAG_FILENAME) VALUES ('139', 'Myanmar', 'Myanmar-Flag.png');
INSERT INTO countries (COUNTRY_ID, COUNTRY_NAME, FLAG_FILENAME) VALUES ('140', 'Namibia', 'Namibia-Flag.png');
INSERT INTO countries (COUNTRY_ID, COUNTRY_NAME, FLAG_FILENAME) VALUES ('141', 'Nauru', 'Nauru-Flag.png');
INSERT INTO countries (COUNTRY_ID, COUNTRY_NAME, FLAG_FILENAME) VALUES ('142', 'Nepal', 'Nepal-Flag.png');
INSERT INTO countries (COUNTRY_ID, COUNTRY_NAME, FLAG_FILENAME) VALUES ('143', 'Netherlands', 'Netherlands-Flag.png');
INSERT INTO countries (COUNTRY_ID, COUNTRY_NAME, FLAG_FILENAME) VALUES ('144', 'New Zealand', 'New-Zealand-Flag.png');
INSERT INTO countries (COUNTRY_ID, COUNTRY_NAME, FLAG_FILENAME) VALUES ('145', 'Nicaragua', 'Nicaragua-Flag.png');
INSERT INTO countries (COUNTRY_ID, COUNTRY_NAME, FLAG_FILENAME) VALUES ('146', 'Niger', 'Niger-Flag.png');
INSERT INTO countries (COUNTRY_ID, COUNTRY_NAME, FLAG_FILENAME) VALUES ('147', 'Nigeria', 'Nigeria-Flag.png');
INSERT INTO countries (COUNTRY_ID, COUNTRY_NAME, FLAG_FILENAME) VALUES ('148', 'Niue', 'Niue-Flag.png');
INSERT INTO countries (COUNTRY_ID, COUNTRY_NAME, FLAG_FILENAME) VALUES ('149', 'Norfolk Island', 'Norfolk-Island-Flag.png');
INSERT INTO countries (COUNTRY_ID, COUNTRY_NAME, FLAG_FILENAME) VALUES ('150', 'North Korea', 'North-Korea-Flag.png');
INSERT INTO countries (COUNTRY_ID, COUNTRY_NAME, FLAG_FILENAME) VALUES ('151', 'Northern Ireland', 'Northern-Ireland-Flag.png');
INSERT INTO countries (COUNTRY_ID, COUNTRY_NAME, FLAG_FILENAME) VALUES ('152', 'Northern Mariana Islands', 'Northern-Mariana-Islands-Flag.png');
INSERT INTO countries (COUNTRY_ID, COUNTRY_NAME, FLAG_FILENAME) VALUES ('153', 'Norway', 'Norway-Flag.png');
INSERT INTO countries (COUNTRY_ID, COUNTRY_NAME, FLAG_FILENAME) VALUES ('154', 'Oman', 'Oman-Flag.png');
INSERT INTO countries (COUNTRY_ID, COUNTRY_NAME, FLAG_FILENAME) VALUES ('155', 'Pakistan', 'Pakistan-Flag.png');
INSERT INTO countries (COUNTRY_ID, COUNTRY_NAME, FLAG_FILENAME) VALUES ('156', 'Palau', 'Palau-Flag.png');
INSERT INTO countries (COUNTRY_ID, COUNTRY_NAME, FLAG_FILENAME) VALUES ('157', 'Palestinian Territory', 'Palestinian-Territory-Flag.png');
INSERT INTO countries (COUNTRY_ID, COUNTRY_NAME, FLAG_FILENAME) VALUES ('158', 'Panama', 'Panama-Flag.png');
INSERT INTO countries (COUNTRY_ID, COUNTRY_NAME, FLAG_FILENAME) VALUES ('159', 'Papua New Guinea', 'Papua-New-Guinea-Flag.png');
INSERT INTO countries (COUNTRY_ID, COUNTRY_NAME, FLAG_FILENAME) VALUES ('160', 'Paraguay', 'Paraguay-Flag.png');
INSERT INTO countries (COUNTRY_ID, COUNTRY_NAME, FLAG_FILENAME) VALUES ('161', 'Peru', 'Peru-Flag.png');
INSERT INTO countries (COUNTRY_ID, COUNTRY_NAME, FLAG_FILENAME) VALUES ('162', 'Philippines', 'Philippines-Flag.png');
INSERT INTO countries (COUNTRY_ID, COUNTRY_NAME, FLAG_FILENAME) VALUES ('163', 'Pitcairn', 'Pitcairn-Flag.png');
INSERT INTO countries (COUNTRY_ID, COUNTRY_NAME, FLAG_FILENAME) VALUES ('164', 'Poland', 'Poland-Flag.png');
INSERT INTO countries (COUNTRY_ID, COUNTRY_NAME, FLAG_FILENAME) VALUES ('165', 'Portugal', 'Portugal-Flag.png');
INSERT INTO countries (COUNTRY_ID, COUNTRY_NAME, FLAG_FILENAME) VALUES ('166', 'Puerto Rico', 'Puerto-Rico-Flag.png');
INSERT INTO countries (COUNTRY_ID, COUNTRY_NAME, FLAG_FILENAME) VALUES ('167', 'Qatar', 'Qatar-Flag.png');
INSERT INTO countries (COUNTRY_ID, COUNTRY_NAME, FLAG_FILENAME) VALUES ('168', 'Reunion', 'Reunion-Flag.png');
INSERT INTO countries (COUNTRY_ID, COUNTRY_NAME, FLAG_FILENAME) VALUES ('169', 'Romania', 'Romania-Flag.png');
INSERT INTO countries (COUNTRY_ID, COUNTRY_NAME, FLAG_FILENAME) VALUES ('170', 'Russia', 'Russia-Flag.png');
INSERT INTO countries (COUNTRY_ID, COUNTRY_NAME, FLAG_FILENAME) VALUES ('171', 'Rwanda', 'Rwanda-Flag.png');
INSERT INTO countries (COUNTRY_ID, COUNTRY_NAME, FLAG_FILENAME) VALUES ('172', 'Saint Barthelemy', 'Saint-Barthelemy-Flag.png');
INSERT INTO countries (COUNTRY_ID, COUNTRY_NAME, FLAG_FILENAME) VALUES ('173', 'Saint Helena and Dependencies', 'Saint-Helena-and-Dependencies-Flag.png');
INSERT INTO countries (COUNTRY_ID, COUNTRY_NAME, FLAG_FILENAME) VALUES ('174', 'Saint Helena', 'Saint-Helena-Flag.png');
INSERT INTO countries (COUNTRY_ID, COUNTRY_NAME, FLAG_FILENAME) VALUES ('175', 'Saint Kitts and Nevis', 'Saint-Kitts-and-Nevis-Flag.png');
INSERT INTO countries (COUNTRY_ID, COUNTRY_NAME, FLAG_FILENAME) VALUES ('176', 'Saint Lucia', 'Saint-Lucia-Flag.png');
INSERT INTO countries (COUNTRY_ID, COUNTRY_NAME, FLAG_FILENAME) VALUES ('177', 'Saint Martin', 'Saint-Martin-Flag.png');
INSERT INTO countries (COUNTRY_ID, COUNTRY_NAME, FLAG_FILENAME) VALUES ('178', 'Saint Pierre and Miquelon', 'Saint-Pierre-and Miquelon-Flag.png');
INSERT INTO countries (COUNTRY_ID, COUNTRY_NAME, FLAG_FILENAME) VALUES ('179', 'Saint Pierre and Miquelon', 'Saint-Pierre-and-Miquelon Flag.png');
INSERT INTO countries (COUNTRY_ID, COUNTRY_NAME, FLAG_FILENAME) VALUES ('180', 'Saint Vincent and the Grenadines', 'Saint-Vincent-and-the-Grenadines-Flag.png');
INSERT INTO countries (COUNTRY_ID, COUNTRY_NAME, FLAG_FILENAME) VALUES ('181', 'Samoa', 'Samoa-Flag.png');
INSERT INTO countries (COUNTRY_ID, COUNTRY_NAME, FLAG_FILENAME) VALUES ('182', 'San Marino', 'San-Marino-Flag.png');
INSERT INTO countries (COUNTRY_ID, COUNTRY_NAME, FLAG_FILENAME) VALUES ('183', 'Sao Tome and Principe', 'Sao-Tome-and-Principe-Flag.png');
INSERT INTO countries (COUNTRY_ID, COUNTRY_NAME, FLAG_FILENAME) VALUES ('184', 'Saudi Arabia', 'Saudi-Arabia-Flag.png');
INSERT INTO countries (COUNTRY_ID, COUNTRY_NAME, FLAG_FILENAME) VALUES ('185', 'Scotland', 'Scotland-Flag.png');
INSERT INTO countries (COUNTRY_ID, COUNTRY_NAME, FLAG_FILENAME) VALUES ('186', 'Senegal', 'Senegal-Flag.png');
INSERT INTO countries (COUNTRY_ID, COUNTRY_NAME, FLAG_FILENAME) VALUES ('187', 'Serbia', 'Serbia-Flag.png');
INSERT INTO countries (COUNTRY_ID, COUNTRY_NAME, FLAG_FILENAME) VALUES ('188', 'Seychelles', 'Seychelles-Flag.png');
INSERT INTO countries (COUNTRY_ID, COUNTRY_NAME, FLAG_FILENAME) VALUES ('189', 'Sierra Leone', 'Sierra-Leone-Flag.png');
INSERT INTO countries (COUNTRY_ID, COUNTRY_NAME, FLAG_FILENAME) VALUES ('190', 'Singapore', 'Singapore-Flag.png');
INSERT INTO countries (COUNTRY_ID, COUNTRY_NAME, FLAG_FILENAME) VALUES ('191', 'Sint Eustatius', 'Sint-Eustatius-Flag.png');
INSERT INTO countries (COUNTRY_ID, COUNTRY_NAME, FLAG_FILENAME) VALUES ('192', 'Sint Maarten', 'Sint-Maarten-flag.png');
INSERT INTO countries (COUNTRY_ID, COUNTRY_NAME, FLAG_FILENAME) VALUES ('193', 'Slovakia', 'Slovakia-Flag.png');
INSERT INTO countries (COUNTRY_ID, COUNTRY_NAME, FLAG_FILENAME) VALUES ('194', 'Slovenia', 'Slovenia-Flag.png');
INSERT INTO countries (COUNTRY_ID, COUNTRY_NAME, FLAG_FILENAME) VALUES ('195', 'Solomon Islands', 'Solomon-Islands-Flag.png');
INSERT INTO countries (COUNTRY_ID, COUNTRY_NAME, FLAG_FILENAME) VALUES ('196', 'Somalia', 'Somalia-Flag.png');
INSERT INTO countries (COUNTRY_ID, COUNTRY_NAME, FLAG_FILENAME) VALUES ('197', 'South Africa', 'South-Africa-Flag.png');
INSERT INTO countries (COUNTRY_ID, COUNTRY_NAME, FLAG_FILENAME) VALUES ('198', 'South Georgia', 'South-Georgia-Flag.png');
INSERT INTO countries (COUNTRY_ID, COUNTRY_NAME, FLAG_FILENAME) VALUES ('199', 'South Sudan', 'South-Sudan-Flag.png');
INSERT INTO countries (COUNTRY_ID, COUNTRY_NAME, FLAG_FILENAME) VALUES ('200', 'Spain', 'Spain-Flag.png');
INSERT INTO countries (COUNTRY_ID, COUNTRY_NAME, FLAG_FILENAME) VALUES ('201', 'Sri Lanka', 'Sri-Lanka-Flag.png');
INSERT INTO countries (COUNTRY_ID, COUNTRY_NAME, FLAG_FILENAME) VALUES ('202', 'Sudan', 'Sudan-Flag.png');
INSERT INTO countries (COUNTRY_ID, COUNTRY_NAME, FLAG_FILENAME) VALUES ('203', 'Suriname', 'Suriname-Flag.png');
INSERT INTO countries (COUNTRY_ID, COUNTRY_NAME, FLAG_FILENAME) VALUES ('204', 'Svalbard', 'Svalbard-Flag.png');
INSERT INTO countries (COUNTRY_ID, COUNTRY_NAME, FLAG_FILENAME) VALUES ('205', 'Swaziland', 'Swaziland-Flag.png');
INSERT INTO countries (COUNTRY_ID, COUNTRY_NAME, FLAG_FILENAME) VALUES ('206', 'Sweden', 'Sweden-Flag.png');
INSERT INTO countries (COUNTRY_ID, COUNTRY_NAME, FLAG_FILENAME) VALUES ('207', 'Switzerland', 'Switzerland-Flag.png');
INSERT INTO countries (COUNTRY_ID, COUNTRY_NAME, FLAG_FILENAME) VALUES ('208', 'Syria', 'Syria-Flag.png');
INSERT INTO countries (COUNTRY_ID, COUNTRY_NAME, FLAG_FILENAME) VALUES ('209', 'Taiwan', 'Taiwan-Flag.png');
INSERT INTO countries (COUNTRY_ID, COUNTRY_NAME, FLAG_FILENAME) VALUES ('210', 'Tajikistan', 'Tajikistan-Flag.png');
INSERT INTO countries (COUNTRY_ID, COUNTRY_NAME, FLAG_FILENAME) VALUES ('211', 'Tanzania', 'Tanzania-Flag.png');
INSERT INTO countries (COUNTRY_ID, COUNTRY_NAME, FLAG_FILENAME) VALUES ('212', 'Thailand', 'Thailand-Flag.png');
INSERT INTO countries (COUNTRY_ID, COUNTRY_NAME, FLAG_FILENAME) VALUES ('213', 'Timor Leste', 'Timor-Leste-Flag.png');
INSERT INTO countries (COUNTRY_ID, COUNTRY_NAME, FLAG_FILENAME) VALUES ('214', 'Togo', 'Togo-Flag.png');
INSERT INTO countries (COUNTRY_ID, COUNTRY_NAME, FLAG_FILENAME) VALUES ('215', 'Tokelau', 'Tokelau-Flag.png');
INSERT INTO countries (COUNTRY_ID, COUNTRY_NAME, FLAG_FILENAME) VALUES ('216', 'Tonga', 'Tonga-Flag.png');
INSERT INTO countries (COUNTRY_ID, COUNTRY_NAME, FLAG_FILENAME) VALUES ('217', 'Trinidad and Tobago', 'Trinidad-and-Tobago-Flag.png');
INSERT INTO countries (COUNTRY_ID, COUNTRY_NAME, FLAG_FILENAME) VALUES ('218', 'Tunisia', 'Tunisia-Flag.png');
INSERT INTO countries (COUNTRY_ID, COUNTRY_NAME, FLAG_FILENAME) VALUES ('219', 'Turkey', 'Turkey-Flag.png');
INSERT INTO countries (COUNTRY_ID, COUNTRY_NAME, FLAG_FILENAME) VALUES ('220', 'Turkmenistan', 'Turkmenistan-Flag.png');
INSERT INTO countries (COUNTRY_ID, COUNTRY_NAME, FLAG_FILENAME) VALUES ('221', 'Turks and Caicos Islands', 'Turks-and-Caicos-Islands-Flag.png');
INSERT INTO countries (COUNTRY_ID, COUNTRY_NAME, FLAG_FILENAME) VALUES ('222', 'Tuvalu', 'Tuvalu-Flag.png');
INSERT INTO countries (COUNTRY_ID, COUNTRY_NAME, FLAG_FILENAME) VALUES ('223', 'Uganda', 'Uganda-Flag.png');
INSERT INTO countries (COUNTRY_ID, COUNTRY_NAME, FLAG_FILENAME) VALUES ('224', 'Ukraine', 'Ukraine-Flag.png');
INSERT INTO countries (COUNTRY_ID, COUNTRY_NAME, FLAG_FILENAME) VALUES ('225', 'United Arab Emirates', 'United-Arab-Emirates-Flag.png');
INSERT INTO countries (COUNTRY_ID, COUNTRY_NAME, FLAG_FILENAME) VALUES ('226', 'United Kingdom', 'United-Kingdom-Flag.png');
INSERT INTO countries (COUNTRY_ID, COUNTRY_NAME, FLAG_FILENAME) VALUES ('227', 'United States', 'United-States-Flag.png');
INSERT INTO countries (COUNTRY_ID, COUNTRY_NAME, FLAG_FILENAME) VALUES ('228', 'Uruguay', 'Uruguay-Flag.png');
INSERT INTO countries (COUNTRY_ID, COUNTRY_NAME, FLAG_FILENAME) VALUES ('229', 'Uzbekistan', 'Uzbekistan-Flag.png');
INSERT INTO countries (COUNTRY_ID, COUNTRY_NAME, FLAG_FILENAME) VALUES ('230', 'Vanuatu', 'Vanuatu-Flag.png');
INSERT INTO countries (COUNTRY_ID, COUNTRY_NAME, FLAG_FILENAME) VALUES ('231', 'Vatican', 'Vatican-Flag.png');
INSERT INTO countries (COUNTRY_ID, COUNTRY_NAME, FLAG_FILENAME) VALUES ('232', 'Venezuela', 'Venezuela-Flag.png');
INSERT INTO countries (COUNTRY_ID, COUNTRY_NAME, FLAG_FILENAME) VALUES ('233', 'Vietnam', 'Vietnam-Flag.png');
INSERT INTO countries (COUNTRY_ID, COUNTRY_NAME, FLAG_FILENAME) VALUES ('234', 'Virgin Islands', 'Virgin-Islands-Flag.png');
INSERT INTO countries (COUNTRY_ID, COUNTRY_NAME, FLAG_FILENAME) VALUES ('235', 'Wales', 'Wales-Flag.png');
INSERT INTO countries (COUNTRY_ID, COUNTRY_NAME, FLAG_FILENAME) VALUES ('236', 'Wallis and Futuna', 'Wallis-and-Futuna-Flag.png');
INSERT INTO countries (COUNTRY_ID, COUNTRY_NAME, FLAG_FILENAME) VALUES ('237', 'Western Sahara', 'Western-Sahara-Flag.png');
INSERT INTO countries (COUNTRY_ID, COUNTRY_NAME, FLAG_FILENAME) VALUES ('238', 'Yemen', 'Yemen-Flag.png');
INSERT INTO countries (COUNTRY_ID, COUNTRY_NAME, FLAG_FILENAME) VALUES ('239', 'Zambia', 'Zambia-Flag.png');
INSERT INTO countries (COUNTRY_ID, COUNTRY_NAME, FLAG_FILENAME) VALUES ('240', 'Zimbabwe', 'Zimbabwe-Flag.png');

-- USER


-- MATCH
INSERT INTO matches (MATCH_ID, KICKOFF_DATETIME, BROADCASTER_NAME, VENUE_ID, GROUP_ID, HOME_TEAM_ID, AWAY_TEAM_ID) VALUES ('1',  '2014-06-12 20:00:00', 'ITV', '3', '1', '1', '2');
INSERT INTO matches (MATCH_ID, KICKOFF_DATETIME, BROADCASTER_NAME, VENUE_ID, GROUP_ID, HOME_TEAM_ID, AWAY_TEAM_ID) VALUES ('2',  '2014-06-13 16:00:00', 'ITV', '11', '1', '3', '4');
INSERT INTO matches (MATCH_ID, KICKOFF_DATETIME, BROADCASTER_NAME, VENUE_ID, GROUP_ID, HOME_TEAM_ID, AWAY_TEAM_ID) VALUES ('3',  '2014-06-13 19:00:00', 'BBC', '7', '2', '5', '6');
INSERT INTO matches (MATCH_ID, KICKOFF_DATETIME, BROADCASTER_NAME, VENUE_ID, GROUP_ID, HOME_TEAM_ID, AWAY_TEAM_ID) VALUES ('4',  '2014-06-13 22:00:00', 'ITV', '9', '2', '7', '8');
INSERT INTO matches (MATCH_ID, KICKOFF_DATETIME, BROADCASTER_NAME, VENUE_ID, GROUP_ID, HOME_TEAM_ID, AWAY_TEAM_ID) VALUES ('5',  '2014-06-14 16:00:00', 'BBC', '5', '3', '9', '10');
INSERT INTO matches (MATCH_ID, KICKOFF_DATETIME, BROADCASTER_NAME, VENUE_ID, GROUP_ID, HOME_TEAM_ID, AWAY_TEAM_ID) VALUES ('6',  '2014-06-15 01:00:00', 'ITV', '8', '3', '11', '12');
INSERT INTO matches (MATCH_ID, KICKOFF_DATETIME, BROADCASTER_NAME, VENUE_ID, GROUP_ID, HOME_TEAM_ID, AWAY_TEAM_ID) VALUES ('7',  '2014-06-14 19:00:00', 'ITV', '4', '4', '13', '14');
INSERT INTO matches (MATCH_ID, KICKOFF_DATETIME, BROADCASTER_NAME, VENUE_ID, GROUP_ID, HOME_TEAM_ID, AWAY_TEAM_ID) VALUES ('8',  '2014-06-14 22:00:00', 'BBC', '10', '4', '15', '16');
INSERT INTO matches (MATCH_ID, KICKOFF_DATETIME, BROADCASTER_NAME, VENUE_ID, GROUP_ID, HOME_TEAM_ID, AWAY_TEAM_ID) VALUES ('9',  '2014-06-15 16:00:00', 'ITV', '2', '5', '17', '18');
INSERT INTO matches (MATCH_ID, KICKOFF_DATETIME, BROADCASTER_NAME, VENUE_ID, GROUP_ID, HOME_TEAM_ID, AWAY_TEAM_ID) VALUES ('10', '2014-06-15 19:00:00', 'BBC', '6', '5', '19', '20');
INSERT INTO matches (MATCH_ID, KICKOFF_DATETIME, BROADCASTER_NAME, VENUE_ID, GROUP_ID, HOME_TEAM_ID, AWAY_TEAM_ID) VALUES ('11', '2014-06-15 22:00:00', 'BBC', '1', '6', '21', '22');
INSERT INTO matches (MATCH_ID, KICKOFF_DATETIME, BROADCASTER_NAME, VENUE_ID, GROUP_ID, HOME_TEAM_ID, AWAY_TEAM_ID) VALUES ('12', '2014-06-16 16:00:00', 'BBC', '12', '6', '23', '24');
INSERT INTO matches (MATCH_ID, KICKOFF_DATETIME, BROADCASTER_NAME, VENUE_ID, GROUP_ID, HOME_TEAM_ID, AWAY_TEAM_ID) VALUES ('13', '2014-06-16 16:00:00', 'ITV', '7', '7', '25', '26');
INSERT INTO matches (MATCH_ID, KICKOFF_DATETIME, BROADCASTER_NAME, VENUE_ID, GROUP_ID, HOME_TEAM_ID, AWAY_TEAM_ID) VALUES ('14', '2014-06-16 22:00:00', 'BBC', '11', '7', '27', '28');
INSERT INTO matches (MATCH_ID, KICKOFF_DATETIME, BROADCASTER_NAME, VENUE_ID, GROUP_ID, HOME_TEAM_ID, AWAY_TEAM_ID) VALUES ('15', '2014-06-17 16:00:00', 'ITV', '5', '8', '29', '30');
INSERT INTO matches (MATCH_ID, KICKOFF_DATETIME, BROADCASTER_NAME, VENUE_ID, GROUP_ID, HOME_TEAM_ID, AWAY_TEAM_ID) VALUES ('16', '2014-06-17 22:00:00', 'BBC', '9', '8', '31', '32');
INSERT INTO matches (MATCH_ID, KICKOFF_DATETIME, BROADCASTER_NAME, VENUE_ID, GROUP_ID, HOME_TEAM_ID, AWAY_TEAM_ID) VALUES ('17', '2014-06-17 19:00:00', 'BBC', '4', '1', '1', '3');
INSERT INTO matches (MATCH_ID, KICKOFF_DATETIME, BROADCASTER_NAME, VENUE_ID, GROUP_ID, HOME_TEAM_ID, AWAY_TEAM_ID) VALUES ('18', '2014-06-18 22:00:00', 'ITV', '10', '1', '4', '2');
INSERT INTO matches (MATCH_ID, KICKOFF_DATETIME, BROADCASTER_NAME, VENUE_ID, GROUP_ID, HOME_TEAM_ID, AWAY_TEAM_ID) VALUES ('19', '2014-06-18 19:00:00', 'BBC', '1', '2', '5', '7');
INSERT INTO matches (MATCH_ID, KICKOFF_DATETIME, BROADCASTER_NAME, VENUE_ID, GROUP_ID, HOME_TEAM_ID, AWAY_TEAM_ID) VALUES ('20', '2014-06-18 16:00:00', 'ITV', '6', '2', '8', '6');
INSERT INTO matches (MATCH_ID, KICKOFF_DATETIME, BROADCASTER_NAME, VENUE_ID, GROUP_ID, HOME_TEAM_ID, AWAY_TEAM_ID) VALUES ('21', '2014-06-19 16:00:00', 'BBC', '2', '3', '9', '11');
INSERT INTO matches (MATCH_ID, KICKOFF_DATETIME, BROADCASTER_NAME, VENUE_ID, GROUP_ID, HOME_TEAM_ID, AWAY_TEAM_ID) VALUES ('22', '2014-06-19 22:00:00', 'BBC', '11', '3', '12', '10');
INSERT INTO matches (MATCH_ID, KICKOFF_DATETIME, BROADCASTER_NAME, VENUE_ID, GROUP_ID, HOME_TEAM_ID, AWAY_TEAM_ID) VALUES ('23', '2014-06-19 19:00:00', 'ITV', '3', '4', '13', '15');
INSERT INTO matches (MATCH_ID, KICKOFF_DATETIME, BROADCASTER_NAME, VENUE_ID, GROUP_ID, HOME_TEAM_ID, AWAY_TEAM_ID) VALUES ('24', '2014-06-20 16:00:00', 'BBC', '8', '4', '16', '14');
INSERT INTO matches (MATCH_ID, KICKOFF_DATETIME, BROADCASTER_NAME, VENUE_ID, GROUP_ID, HOME_TEAM_ID, AWAY_TEAM_ID) VALUES ('25', '2014-06-20 19:00:00', 'ITV', '7', '5', '17', '19');
INSERT INTO matches (MATCH_ID, KICKOFF_DATETIME, BROADCASTER_NAME, VENUE_ID, GROUP_ID, HOME_TEAM_ID, AWAY_TEAM_ID) VALUES ('26', '2014-06-20 22:00:00', 'ITV', '12', '5', '20', '18');
INSERT INTO matches (MATCH_ID, KICKOFF_DATETIME, BROADCASTER_NAME, VENUE_ID, GROUP_ID, HOME_TEAM_ID, AWAY_TEAM_ID) VALUES ('27', '2014-06-21 16:00:00', 'ITV', '5', '6', '21', '23');
INSERT INTO matches (MATCH_ID, KICKOFF_DATETIME, BROADCASTER_NAME, VENUE_ID, GROUP_ID, HOME_TEAM_ID, AWAY_TEAM_ID) VALUES ('28', '2014-06-21 22:00:00', 'BBC', '9', '6', '24', '22');
INSERT INTO matches (MATCH_ID, KICKOFF_DATETIME, BROADCASTER_NAME, VENUE_ID, GROUP_ID, HOME_TEAM_ID, AWAY_TEAM_ID) VALUES ('29', '2014-06-21 19:00:00', 'BBC', '4', '7', '25', '27');
INSERT INTO matches (MATCH_ID, KICKOFF_DATETIME, BROADCASTER_NAME, VENUE_ID, GROUP_ID, HOME_TEAM_ID, AWAY_TEAM_ID) VALUES ('30', '2014-06-22 22:00:00', 'BBC', '10', '7', '28', '26');
INSERT INTO matches (MATCH_ID, KICKOFF_DATETIME, BROADCASTER_NAME, VENUE_ID, GROUP_ID, HOME_TEAM_ID, AWAY_TEAM_ID) VALUES ('31', '2014-06-22 16:00:00', 'BBC', '1', '8', '29', '31');
INSERT INTO matches (MATCH_ID, KICKOFF_DATETIME, BROADCASTER_NAME, VENUE_ID, GROUP_ID, HOME_TEAM_ID, AWAY_TEAM_ID) VALUES ('32', '2014-06-22 19:00:00', 'ITV', '6', '8', '32', '30');
INSERT INTO matches (MATCH_ID, KICKOFF_DATETIME, BROADCASTER_NAME, VENUE_ID, GROUP_ID, HOME_TEAM_ID, AWAY_TEAM_ID) VALUES ('33', '2014-06-23 20:00:00', 'ITV', '2', '1', '4', '1');
INSERT INTO matches (MATCH_ID, KICKOFF_DATETIME, BROADCASTER_NAME, VENUE_ID, GROUP_ID, HOME_TEAM_ID, AWAY_TEAM_ID) VALUES ('34', '2014-06-23 20:00:00', 'ITV', '8', '1', '2', '3');
INSERT INTO matches (MATCH_ID, KICKOFF_DATETIME, BROADCASTER_NAME, VENUE_ID, GROUP_ID, HOME_TEAM_ID, AWAY_TEAM_ID) VALUES ('35', '2014-06-23 16:00:00', 'ITV', '12', '2', '8', '5');
INSERT INTO matches (MATCH_ID, KICKOFF_DATETIME, BROADCASTER_NAME, VENUE_ID, GROUP_ID, HOME_TEAM_ID, AWAY_TEAM_ID) VALUES ('36', '2014-06-23 16:00:00', 'ITV', '3', '2', '6', '7');
INSERT INTO matches (MATCH_ID, KICKOFF_DATETIME, BROADCASTER_NAME, VENUE_ID, GROUP_ID, HOME_TEAM_ID, AWAY_TEAM_ID) VALUES ('37', '2014-06-24 20:00:00', 'BBC', '9', '3', '12', '9');
INSERT INTO matches (MATCH_ID, KICKOFF_DATETIME, BROADCASTER_NAME, VENUE_ID, GROUP_ID, HOME_TEAM_ID, AWAY_TEAM_ID) VALUES ('38', '2014-06-24 20:00:00', 'BBC', '4', '3', '10', '11');
INSERT INTO matches (MATCH_ID, KICKOFF_DATETIME, BROADCASTER_NAME, VENUE_ID, GROUP_ID, HOME_TEAM_ID, AWAY_TEAM_ID) VALUES ('39', '2014-06-24 16:00:00', 'ITV', '11', '4', '16', '13');
INSERT INTO matches (MATCH_ID, KICKOFF_DATETIME, BROADCASTER_NAME, VENUE_ID, GROUP_ID, HOME_TEAM_ID, AWAY_TEAM_ID) VALUES ('40', '2014-06-24 16:00:00', 'ITV', '5', '4', '14', '15');
INSERT INTO matches (MATCH_ID, KICKOFF_DATETIME, BROADCASTER_NAME, VENUE_ID, GROUP_ID, HOME_TEAM_ID, AWAY_TEAM_ID) VALUES ('41', '2014-06-25 20:00:00', 'BBC', '10', '5', '20', '17');
INSERT INTO matches (MATCH_ID, KICKOFF_DATETIME, BROADCASTER_NAME, VENUE_ID, GROUP_ID, HOME_TEAM_ID, AWAY_TEAM_ID) VALUES ('42', '2014-06-25 20:00:00', 'BBC', '1', '5', '18', '19');
INSERT INTO matches (MATCH_ID, KICKOFF_DATETIME, BROADCASTER_NAME, VENUE_ID, GROUP_ID, HOME_TEAM_ID, AWAY_TEAM_ID) VALUES ('43', '2014-06-25 16:00:00', 'ITV', '6', '6', '24', '21');
INSERT INTO matches (MATCH_ID, KICKOFF_DATETIME, BROADCASTER_NAME, VENUE_ID, GROUP_ID, HOME_TEAM_ID, AWAY_TEAM_ID) VALUES ('44', '2014-06-25 16:00:00', 'ITV', '7', '6', '22', '23');
INSERT INTO matches (MATCH_ID, KICKOFF_DATETIME, BROADCASTER_NAME, VENUE_ID, GROUP_ID, HOME_TEAM_ID, AWAY_TEAM_ID) VALUES ('45', '2014-06-26 16:00:00', 'BBC', '8', '7', '28', '25');
INSERT INTO matches (MATCH_ID, KICKOFF_DATETIME, BROADCASTER_NAME, VENUE_ID, GROUP_ID, HOME_TEAM_ID, AWAY_TEAM_ID) VALUES ('46', '2014-06-26 16:00:00', 'BBC', '2', '7', '26', '27');
INSERT INTO matches (MATCH_ID, KICKOFF_DATETIME, BROADCASTER_NAME, VENUE_ID, GROUP_ID, HOME_TEAM_ID, AWAY_TEAM_ID) VALUES ('47', '2014-06-26 20:00:00', 'ITV', '3', '8', '32', '29');
INSERT INTO matches (MATCH_ID, KICKOFF_DATETIME, BROADCASTER_NAME, VENUE_ID, GROUP_ID, HOME_TEAM_ID, AWAY_TEAM_ID) VALUES ('48', '2014-06-26 20:00:00', 'ITV', '12', '8', '30', '31');
INSERT INTO matches (MATCH_ID, KICKOFF_DATETIME, VENUE_ID, GROUP_ID) VALUES ('49', '2014-06-28 16:00:00', '5', '9');
INSERT INTO matches (MATCH_ID, KICKOFF_DATETIME, VENUE_ID, GROUP_ID) VALUES ('50', '2014-06-28 20:00:00', '1', '9');
INSERT INTO matches (MATCH_ID, KICKOFF_DATETIME, VENUE_ID, GROUP_ID) VALUES ('51', '2014-06-29 16:00:00', '4', '9');
INSERT INTO matches (MATCH_ID, KICKOFF_DATETIME, VENUE_ID, GROUP_ID) VALUES ('52', '2014-06-29 20:00:00', '8', '9');
INSERT INTO matches (MATCH_ID, KICKOFF_DATETIME, VENUE_ID, GROUP_ID) VALUES ('53', '2014-06-30 16:00:00', '2', '9');
INSERT INTO matches (MATCH_ID, KICKOFF_DATETIME, VENUE_ID, GROUP_ID) VALUES ('54', '2014-06-30 20:00:00', '6', '9');
INSERT INTO matches (MATCH_ID, KICKOFF_DATETIME, VENUE_ID, GROUP_ID) VALUES ('55', '2014-07-01 16:00:00', '3', '9');
INSERT INTO matches (MATCH_ID, KICKOFF_DATETIME, VENUE_ID, GROUP_ID) VALUES ('56', '2014-07-01 20:00:00', '7', '9');
INSERT INTO matches (MATCH_ID, KICKOFF_DATETIME, VENUE_ID, GROUP_ID) VALUES ('57', '2014-07-04 20:00:00', '4', '10');
INSERT INTO matches (MATCH_ID, KICKOFF_DATETIME, VENUE_ID, GROUP_ID) VALUES ('58', '2014-07-04 16:00:00', '1', '10');
INSERT INTO matches (MATCH_ID, KICKOFF_DATETIME, VENUE_ID, GROUP_ID) VALUES ('59', '2014-07-05 20:00:00', '7', '10');
INSERT INTO matches (MATCH_ID, KICKOFF_DATETIME, VENUE_ID, GROUP_ID) VALUES ('60', '2014-07-05 16:00:00', '2', '10');
INSERT INTO matches (MATCH_ID, KICKOFF_DATETIME, VENUE_ID, GROUP_ID) VALUES ('61', '2014-07-08 20:00:00', '5', '11');
INSERT INTO matches (MATCH_ID, KICKOFF_DATETIME, VENUE_ID, GROUP_ID) VALUES ('62', '2014-07-09 20:00:00', '3', '11');
INSERT INTO matches (MATCH_ID, KICKOFF_DATETIME, VENUE_ID, GROUP_ID) VALUES ('63', '2014-07-12 20:00:00', '2', '12');
INSERT INTO matches (MATCH_ID, KICKOFF_DATETIME, VENUE_ID, GROUP_ID) VALUES ('64', '2014-07-13 19:00:00', '1', '13');

-- CLUBS
INSERT INTO clubs (CLUB_ID, CLUB_NAME, LEAGUE_NAME, BADGE_FILENAME) VALUES (1, 'Arsenal FC', 'Premier League', 'Arsenal FC.png');
INSERT INTO clubs (CLUB_ID, CLUB_NAME, LEAGUE_NAME, BADGE_FILENAME) VALUES (2, 'Aston Villa', 'Premier League', 'Aston Villa.png');
INSERT INTO clubs (CLUB_ID, CLUB_NAME, LEAGUE_NAME, BADGE_FILENAME) VALUES (3, 'Cardiff City', 'Premier League', 'Cardiff City.png');
INSERT INTO clubs (CLUB_ID, CLUB_NAME, LEAGUE_NAME, BADGE_FILENAME) VALUES (4, 'Chelsea FC', 'Premier League', 'Chelsea FC.png');
INSERT INTO clubs (CLUB_ID, CLUB_NAME, LEAGUE_NAME, BADGE_FILENAME) VALUES (5, 'Crystal Palace', 'Premier League', 'Crystal Palace.png');
INSERT INTO clubs (CLUB_ID, CLUB_NAME, LEAGUE_NAME, BADGE_FILENAME) VALUES (6, 'Everton FC', 'Premier League', 'Everton FC.png');
INSERT INTO clubs (CLUB_ID, CLUB_NAME, LEAGUE_NAME, BADGE_FILENAME) VALUES (7, 'Fulham FC', 'Premier League', 'Fulham FC.png');
INSERT INTO clubs (CLUB_ID, CLUB_NAME, LEAGUE_NAME, BADGE_FILENAME) VALUES (8, 'Hull City', 'Premier League', 'Hull City.png');
INSERT INTO clubs (CLUB_ID, CLUB_NAME, LEAGUE_NAME, BADGE_FILENAME) VALUES (9, 'Liverpool FC', 'Premier League', 'Liverpool FC.png');
INSERT INTO clubs (CLUB_ID, CLUB_NAME, LEAGUE_NAME, BADGE_FILENAME) VALUES (10, 'Manchester City', 'Premier League', 'Manchester City.png');
INSERT INTO clubs (CLUB_ID, CLUB_NAME, LEAGUE_NAME, BADGE_FILENAME) VALUES (11, 'Manchester United', 'Premier League', 'Manchester United.png');
INSERT INTO clubs (CLUB_ID, CLUB_NAME, LEAGUE_NAME, BADGE_FILENAME) VALUES (12, 'Newcastle United', 'Premier League', 'Newcastle United.png');
INSERT INTO clubs (CLUB_ID, CLUB_NAME, LEAGUE_NAME, BADGE_FILENAME) VALUES (13, 'Norwich City', 'Premier League', 'Norwich City.png');
INSERT INTO clubs (CLUB_ID, CLUB_NAME, LEAGUE_NAME, BADGE_FILENAME) VALUES (14, 'Southampton FC', 'Premier League', 'Southampton FC.png');
INSERT INTO clubs (CLUB_ID, CLUB_NAME, LEAGUE_NAME, BADGE_FILENAME) VALUES (15, 'Stoke City', 'Premier League', 'Stoke City.png');
INSERT INTO clubs (CLUB_ID, CLUB_NAME, LEAGUE_NAME, BADGE_FILENAME) VALUES (16, 'Sunderland AFC', 'Premier League', 'Sunderland AFC.png');
INSERT INTO clubs (CLUB_ID, CLUB_NAME, LEAGUE_NAME, BADGE_FILENAME) VALUES (17, 'Swansea City', 'Premier League', 'Swansea City.png');
INSERT INTO clubs (CLUB_ID, CLUB_NAME, LEAGUE_NAME, BADGE_FILENAME) VALUES (18, 'Tottenham Hotspur', 'Premier League', 'Tottenham Hotspur.png');
INSERT INTO clubs (CLUB_ID, CLUB_NAME, LEAGUE_NAME, BADGE_FILENAME) VALUES (19, 'West Bromwich Albion', 'Premier League', 'West Bromwich Albion.png');
INSERT INTO clubs (CLUB_ID, CLUB_NAME, LEAGUE_NAME, BADGE_FILENAME) VALUES (20, 'West Ham United', 'Premier League', 'West Ham United.png');
INSERT INTO clubs (CLUB_ID, CLUB_NAME, LEAGUE_NAME, BADGE_FILENAME) VALUES (21, 'AFC Bournemouth', 'Championship', 'AFC Bournemouth.png');
INSERT INTO clubs (CLUB_ID, CLUB_NAME, LEAGUE_NAME, BADGE_FILENAME) VALUES (22, 'Barnsley FC', 'Championship', 'Barnsley FC.png');
INSERT INTO clubs (CLUB_ID, CLUB_NAME, LEAGUE_NAME, BADGE_FILENAME) VALUES (23, 'Birmingham City', 'Championship', 'Birmingham City.png');
INSERT INTO clubs (CLUB_ID, CLUB_NAME, LEAGUE_NAME, BADGE_FILENAME) VALUES (24, 'Blackburn Rovers', 'Championship', 'Blackburn Rovers.png');
INSERT INTO clubs (CLUB_ID, CLUB_NAME, LEAGUE_NAME, BADGE_FILENAME) VALUES (25, 'Blackpool FC', 'Championship', 'Blackpool FC.png');
INSERT INTO clubs (CLUB_ID, CLUB_NAME, LEAGUE_NAME, BADGE_FILENAME) VALUES (26, 'Bolton Wanderers', 'Championship', 'Bolton Wanderers.png');
INSERT INTO clubs (CLUB_ID, CLUB_NAME, LEAGUE_NAME, BADGE_FILENAME) VALUES (27, 'Brighton & Hove Albion', 'Championship', 'Brighton & Hove Albion.png');
INSERT INTO clubs (CLUB_ID, CLUB_NAME, LEAGUE_NAME, BADGE_FILENAME) VALUES (28, 'Burnley FC', 'Championship', 'Burnley FC.png');
INSERT INTO clubs (CLUB_ID, CLUB_NAME, LEAGUE_NAME, BADGE_FILENAME) VALUES (29, 'Charlton Athletic', 'Championship', 'Charlton Athletic.png');
INSERT INTO clubs (CLUB_ID, CLUB_NAME, LEAGUE_NAME, BADGE_FILENAME) VALUES (30, 'Derby County', 'Championship', 'Derby County.png');
INSERT INTO clubs (CLUB_ID, CLUB_NAME, LEAGUE_NAME, BADGE_FILENAME) VALUES (31, 'Doncaster Rovers', 'Championship', 'Doncaster Rovers.png');
INSERT INTO clubs (CLUB_ID, CLUB_NAME, LEAGUE_NAME, BADGE_FILENAME) VALUES (32, 'Huddersfield Town', 'Championship', 'Huddersfield Town.png');
INSERT INTO clubs (CLUB_ID, CLUB_NAME, LEAGUE_NAME, BADGE_FILENAME) VALUES (33, 'Ipswich Town', 'Championship', 'Ipswich Town.png');
INSERT INTO clubs (CLUB_ID, CLUB_NAME, LEAGUE_NAME, BADGE_FILENAME) VALUES (34, 'Leeds United', 'Championship', 'Leeds United.png');
INSERT INTO clubs (CLUB_ID, CLUB_NAME, LEAGUE_NAME, BADGE_FILENAME) VALUES (35, 'Leicester City', 'Championship', 'Leicester City.png');
INSERT INTO clubs (CLUB_ID, CLUB_NAME, LEAGUE_NAME, BADGE_FILENAME) VALUES (36, 'Middlesbrough FC', 'Championship', 'Middlesbrough FC.png');
INSERT INTO clubs (CLUB_ID, CLUB_NAME, LEAGUE_NAME, BADGE_FILENAME) VALUES (37, 'Millwall FC', 'Championship', 'Millwall FC.png');
INSERT INTO clubs (CLUB_ID, CLUB_NAME, LEAGUE_NAME, BADGE_FILENAME) VALUES (38, 'Nottingham Forest', 'Championship', 'Nottingham Forest.png');
INSERT INTO clubs (CLUB_ID, CLUB_NAME, LEAGUE_NAME, BADGE_FILENAME) VALUES (39, 'Queens Park Rangers', 'Championship', 'Queens Park Rangers.png');
INSERT INTO clubs (CLUB_ID, CLUB_NAME, LEAGUE_NAME, BADGE_FILENAME) VALUES (40, 'Reading FC', 'Championship', 'Reading FC.png');
INSERT INTO clubs (CLUB_ID, CLUB_NAME, LEAGUE_NAME, BADGE_FILENAME) VALUES (41, 'Sheffield Wednesday', 'Championship', 'Sheffield Wednesday.png');
INSERT INTO clubs (CLUB_ID, CLUB_NAME, LEAGUE_NAME, BADGE_FILENAME) VALUES (42, 'Watford FC', 'Championship', 'Watford FC.png');
INSERT INTO clubs (CLUB_ID, CLUB_NAME, LEAGUE_NAME, BADGE_FILENAME) VALUES (43, 'Wigan Athletic', 'Championship', 'Wigan Athletic.png');
INSERT INTO clubs (CLUB_ID, CLUB_NAME, LEAGUE_NAME, BADGE_FILENAME) VALUES (44, 'Yeovil Town', 'Championship', 'Yeovil Town.png');
INSERT INTO clubs (CLUB_ID, CLUB_NAME, LEAGUE_NAME, BADGE_FILENAME) VALUES (45, 'Bradford City', 'League One', 'Bradford City.png');
INSERT INTO clubs (CLUB_ID, CLUB_NAME, LEAGUE_NAME, BADGE_FILENAME) VALUES (46, 'Brentford FC', 'League One', 'Brentford FC.png');
INSERT INTO clubs (CLUB_ID, CLUB_NAME, LEAGUE_NAME, BADGE_FILENAME) VALUES (47, 'Bristol City', 'League One', 'Bristol City.png');
INSERT INTO clubs (CLUB_ID, CLUB_NAME, LEAGUE_NAME, BADGE_FILENAME) VALUES (48, 'Carlisle United', 'League One', 'Carlisle United.png');
INSERT INTO clubs (CLUB_ID, CLUB_NAME, LEAGUE_NAME, BADGE_FILENAME) VALUES (49, 'Colchester United', 'League One', 'Colchester United.png');
INSERT INTO clubs (CLUB_ID, CLUB_NAME, LEAGUE_NAME, BADGE_FILENAME) VALUES (50, 'Coventry City', 'League One', 'Coventry City.png');
INSERT INTO clubs (CLUB_ID, CLUB_NAME, LEAGUE_NAME, BADGE_FILENAME) VALUES (51, 'Crawley Town', 'League One', 'Crawley Town.png');
INSERT INTO clubs (CLUB_ID, CLUB_NAME, LEAGUE_NAME, BADGE_FILENAME) VALUES (52, 'Crewe Alexandra', 'League One', 'Crewe Alexandra.png');
INSERT INTO clubs (CLUB_ID, CLUB_NAME, LEAGUE_NAME, BADGE_FILENAME) VALUES (53, 'Gillingham FC', 'League One', 'Gillingham FC.png');
INSERT INTO clubs (CLUB_ID, CLUB_NAME, LEAGUE_NAME, BADGE_FILENAME) VALUES (54, 'Leyton Orient', 'League One', 'Leyton Orient.png');
INSERT INTO clubs (CLUB_ID, CLUB_NAME, LEAGUE_NAME, BADGE_FILENAME) VALUES (55, 'Milton Keynes Dons', 'League One', 'Milton Keynes Dons.png');
INSERT INTO clubs (CLUB_ID, CLUB_NAME, LEAGUE_NAME, BADGE_FILENAME) VALUES (56, 'Notts County', 'League One', 'Notts County.png');
INSERT INTO clubs (CLUB_ID, CLUB_NAME, LEAGUE_NAME, BADGE_FILENAME) VALUES (57, 'Oldham Athletic', 'League One', 'Oldham Athletic.png');
INSERT INTO clubs (CLUB_ID, CLUB_NAME, LEAGUE_NAME, BADGE_FILENAME) VALUES (58, 'Peterborough United', 'League One', 'Peterborough United.png');
INSERT INTO clubs (CLUB_ID, CLUB_NAME, LEAGUE_NAME, BADGE_FILENAME) VALUES (59, 'Port Vale', 'League One', 'Port Vale.png');
INSERT INTO clubs (CLUB_ID, CLUB_NAME, LEAGUE_NAME, BADGE_FILENAME) VALUES (60, 'Preston North End', 'League One', 'Preston North End.png');
INSERT INTO clubs (CLUB_ID, CLUB_NAME, LEAGUE_NAME, BADGE_FILENAME) VALUES (61, 'Rotherham United', 'League One', 'Rotherham United.png');
INSERT INTO clubs (CLUB_ID, CLUB_NAME, LEAGUE_NAME, BADGE_FILENAME) VALUES (62, 'Sheffield United', 'League One', 'Sheffield United.png');
INSERT INTO clubs (CLUB_ID, CLUB_NAME, LEAGUE_NAME, BADGE_FILENAME) VALUES (63, 'Shrewsbury Town', 'League One', 'Shrewsbury Town.png');
INSERT INTO clubs (CLUB_ID, CLUB_NAME, LEAGUE_NAME, BADGE_FILENAME) VALUES (64, 'Stevenage FC', 'League One', 'Stevenage FC.png');
INSERT INTO clubs (CLUB_ID, CLUB_NAME, LEAGUE_NAME, BADGE_FILENAME) VALUES (65, 'Swindon Town', 'League One', 'Swindon Town.png');
INSERT INTO clubs (CLUB_ID, CLUB_NAME, LEAGUE_NAME, BADGE_FILENAME) VALUES (66, 'Tranmere Rovers', 'League One', 'Tranmere Rovers.png');
INSERT INTO clubs (CLUB_ID, CLUB_NAME, LEAGUE_NAME, BADGE_FILENAME) VALUES (67, 'Walsall FC', 'League One', 'Walsall FC.png');
INSERT INTO clubs (CLUB_ID, CLUB_NAME, LEAGUE_NAME, BADGE_FILENAME) VALUES (68, 'Wolverhampton Wanderers', 'League One', 'Wolverhampton Wanderers.png');
INSERT INTO clubs (CLUB_ID, CLUB_NAME, LEAGUE_NAME, BADGE_FILENAME) VALUES (69, 'Accrington Stanley', 'League Two', 'Accrington Stanley.png');
INSERT INTO clubs (CLUB_ID, CLUB_NAME, LEAGUE_NAME, BADGE_FILENAME) VALUES (70, 'AFC Wimbledon', 'League Two', 'AFC Wimbledon.png');
INSERT INTO clubs (CLUB_ID, CLUB_NAME, LEAGUE_NAME, BADGE_FILENAME) VALUES (71, 'Bristol Rovers', 'League Two', 'Bristol Rovers.png');
INSERT INTO clubs (CLUB_ID, CLUB_NAME, LEAGUE_NAME, BADGE_FILENAME) VALUES (72, 'Burton Albion', 'League Two', 'Burton Albion.png');
INSERT INTO clubs (CLUB_ID, CLUB_NAME, LEAGUE_NAME, BADGE_FILENAME) VALUES (73, 'Bury FC', 'League Two', 'Bury FC.png');
INSERT INTO clubs (CLUB_ID, CLUB_NAME, LEAGUE_NAME, BADGE_FILENAME) VALUES (74, 'Cheltenham Town', 'League Two', 'Cheltenham Town.png');
INSERT INTO clubs (CLUB_ID, CLUB_NAME, LEAGUE_NAME, BADGE_FILENAME) VALUES (75, 'Chesterfield FC', 'League Two', 'Chesterfield FC.png');
INSERT INTO clubs (CLUB_ID, CLUB_NAME, LEAGUE_NAME, BADGE_FILENAME) VALUES (76, 'Dagenham & Redbridge', 'League Two', 'Dagenham & Redbridge.png');
INSERT INTO clubs (CLUB_ID, CLUB_NAME, LEAGUE_NAME, BADGE_FILENAME) VALUES (77, 'Exeter City', 'League Two', 'Exeter City.png');
INSERT INTO clubs (CLUB_ID, CLUB_NAME, LEAGUE_NAME, BADGE_FILENAME) VALUES (78, 'Fleetwood Town', 'League Two', 'Fleetwood Town.png');
INSERT INTO clubs (CLUB_ID, CLUB_NAME, LEAGUE_NAME, BADGE_FILENAME) VALUES (79, 'Hartlepool United', 'League Two', 'Hartlepool United.png');
INSERT INTO clubs (CLUB_ID, CLUB_NAME, LEAGUE_NAME, BADGE_FILENAME) VALUES (80, 'Mansfield Town', 'League Two', 'Mansfield Town.png');
INSERT INTO clubs (CLUB_ID, CLUB_NAME, LEAGUE_NAME, BADGE_FILENAME) VALUES (81, 'Morecambe FC', 'League Two', 'Morecambe FC.png');
INSERT INTO clubs (CLUB_ID, CLUB_NAME, LEAGUE_NAME, BADGE_FILENAME) VALUES (82, 'Newport County', 'League Two', 'Newport County.png');
INSERT INTO clubs (CLUB_ID, CLUB_NAME, LEAGUE_NAME, BADGE_FILENAME) VALUES (83, 'Northampton Town', 'League Two', 'Northampton Town.png');
INSERT INTO clubs (CLUB_ID, CLUB_NAME, LEAGUE_NAME, BADGE_FILENAME) VALUES (84, 'Oxford United', 'League Two', 'Oxford United.png');
INSERT INTO clubs (CLUB_ID, CLUB_NAME, LEAGUE_NAME, BADGE_FILENAME) VALUES (85, 'Plymouth Argyle', 'League Two', 'Plymouth Argyle.png');
INSERT INTO clubs (CLUB_ID, CLUB_NAME, LEAGUE_NAME, BADGE_FILENAME) VALUES (86, 'Portsmouth FC', 'League Two', 'Portsmouth FC.png');
INSERT INTO clubs (CLUB_ID, CLUB_NAME, LEAGUE_NAME, BADGE_FILENAME) VALUES (87, 'Rochdale AFC', 'League Two', 'Rochdale AFC.png');
INSERT INTO clubs (CLUB_ID, CLUB_NAME, LEAGUE_NAME, BADGE_FILENAME) VALUES (88, 'Scunthorpe United', 'League Two', 'Scunthorpe United.png');
INSERT INTO clubs (CLUB_ID, CLUB_NAME, LEAGUE_NAME, BADGE_FILENAME) VALUES (89, 'Southend United', 'League Two', 'Southend United.png');
INSERT INTO clubs (CLUB_ID, CLUB_NAME, LEAGUE_NAME, BADGE_FILENAME) VALUES (90, 'Torquay United', 'League Two', 'Torquay United.png');
INSERT INTO clubs (CLUB_ID, CLUB_NAME, LEAGUE_NAME, BADGE_FILENAME) VALUES (91, 'Wycombe Wanderers', 'League Two', 'Wycombe Wanderers.png');
INSERT INTO clubs (CLUB_ID, CLUB_NAME, LEAGUE_NAME, BADGE_FILENAME) VALUES (92, 'York City', 'League Two', 'York City.png');

-- BUSINESSES
INSERT INTO businesses (BUSINESS_ID, BUSINESS_NAME) VALUES (1, 'IT');
INSERT INTO businesses (BUSINESS_ID, BUSINESS_NAME) VALUES (2, 'UPIE');

-- DEPARTMENTS
INSERT INTO departments (DEPARTMENT_ID, BUSINESS_ID, DEPARTMENT_NAME) VALUES (1, 1, 'IDC');
INSERT INTO departments (DEPARTMENT_ID, BUSINESS_ID, DEPARTMENT_NAME) VALUES (2, 1, 'Infrastructure');
INSERT INTO departments (DEPARTMENT_ID, BUSINESS_ID, DEPARTMENT_NAME) VALUES (3, 1, 'Service Desk');
INSERT INTO departments (DEPARTMENT_ID, BUSINESS_ID, DEPARTMENT_NAME) VALUES (4, 2, 'Legal');

COMMIT;