-- GROUP_STAGE
INSERT INTO "WORLDCUP"."GROUP_STAGE" (ID, GROUP_NAME, STAGE, WIKI) VALUES ('1', 'A', 'Group A', 'http://en.wikipedia.org/wiki/2014_FIFA_World_Cup_Group_A');
INSERT INTO "WORLDCUP"."GROUP_STAGE" (ID, GROUP_NAME, STAGE, WIKI) VALUES ('2', 'B', 'Group B', 'http://en.wikipedia.org/wiki/2014_FIFA_World_Cup_Group_B');
INSERT INTO "WORLDCUP"."GROUP_STAGE" (ID, GROUP_NAME, STAGE, WIKI) VALUES ('3', 'C', 'Group C', 'http://en.wikipedia.org/wiki/2014_FIFA_World_Cup_Group_C');
INSERT INTO "WORLDCUP"."GROUP_STAGE" (ID, GROUP_NAME, STAGE, WIKI) VALUES ('4', 'D', 'Group D', 'http://en.wikipedia.org/wiki/2014_FIFA_World_Cup_Group_D');
INSERT INTO "WORLDCUP"."GROUP_STAGE" (ID, GROUP_NAME, STAGE, WIKI) VALUES ('5', 'E', 'Group E', 'http://en.wikipedia.org/wiki/2014_FIFA_World_Cup_Group_E');
INSERT INTO "WORLDCUP"."GROUP_STAGE" (ID, GROUP_NAME, STAGE, WIKI) VALUES ('6', 'F', 'Group F', 'http://en.wikipedia.org/wiki/2014_FIFA_World_Cup_Group_F');
INSERT INTO "WORLDCUP"."GROUP_STAGE" (ID, GROUP_NAME, STAGE, WIKI) VALUES ('7', 'G', 'Group G', 'http://en.wikipedia.org/wiki/2014_FIFA_World_Cup_Group_G');
INSERT INTO "WORLDCUP"."GROUP_STAGE" (ID, GROUP_NAME, STAGE, WIKI) VALUES ('8', 'H', 'Group H', 'http://en.wikipedia.org/wiki/2014_FIFA_World_Cup_Group_H');
INSERT INTO "WORLDCUP"."GROUP_STAGE" (ID, GROUP_NAME, STAGE, WIKI) VALUES ('9', '16', 'Round of 16', 'http://en.wikipedia.org/wiki/World_Cup_2014#Round_of_16');
INSERT INTO "WORLDCUP"."GROUP_STAGE" (ID, GROUP_NAME, STAGE, WIKI) VALUES ('10', '8', 'Quarter-finals', 'http://en.wikipedia.org/wiki/World_Cup_2014#Quarter-finals');
INSERT INTO "WORLDCUP"."GROUP_STAGE" (ID, GROUP_NAME, STAGE, WIKI) VALUES ('11', '4', 'Semi-finals', 'http://en.wikipedia.org/wiki/World_Cup_2014#Semi-finals');
INSERT INTO "WORLDCUP"."GROUP_STAGE" (ID, GROUP_NAME, STAGE, WIKI) VALUES ('12', '2', 'Third place match', 'http://en.wikipedia.org/wiki/World_Cup_2014#Third_place_match');
INSERT INTO "WORLDCUP"."GROUP_STAGE" (ID, GROUP_NAME, STAGE, WIKI) VALUES ('13', '1', 'Final', 'http://en.wikipedia.org/wiki/2014_FIFA_World_Cup_Final');

-- TEAM
INSERT INTO "WORLDCUP"."TEAM" (ID, TEAM_NAME, GROUP_STAGE, STILL_IN_COMPETITION, WIKI) VALUES ('1', 'Brazil', '1', 'Y', 'http://en.wikipedia.org/wiki/Brazil_national_football_team');
INSERT INTO "WORLDCUP"."TEAM" (ID, TEAM_NAME, GROUP_STAGE, STILL_IN_COMPETITION, WIKI) VALUES ('2', 'Croatia', '1', 'Y', 'http://en.wikipedia.org/wiki/Croatia_national_football_team');
INSERT INTO "WORLDCUP"."TEAM" (ID, TEAM_NAME, GROUP_STAGE, STILL_IN_COMPETITION, WIKI) VALUES ('3', 'Mexico', '1', 'Y', 'http://en.wikipedia.org/wiki/Mexico_national_football_team');
INSERT INTO "WORLDCUP"."TEAM" (ID, TEAM_NAME, GROUP_STAGE, STILL_IN_COMPETITION, WIKI) VALUES ('4', 'Cameroon', '1', 'Y', 'http://en.wikipedia.org/wiki/Cameroon_national_football_team');
INSERT INTO "WORLDCUP"."TEAM" (ID, TEAM_NAME, GROUP_STAGE, STILL_IN_COMPETITION, WIKI) VALUES ('5', 'Spain', '2', 'Y', 'http://en.wikipedia.org/wiki/Spain_national_football_team');
INSERT INTO "WORLDCUP"."TEAM" (ID, TEAM_NAME, GROUP_STAGE, STILL_IN_COMPETITION, WIKI) VALUES ('6', 'Netherlands', '2', 'Y', 'http://en.wikipedia.org/wiki/Netherlands_national_football_team');
INSERT INTO "WORLDCUP"."TEAM" (ID, TEAM_NAME, GROUP_STAGE, STILL_IN_COMPETITION, WIKI) VALUES ('7', 'Chile', '2', 'Y', 'http://en.wikipedia.org/wiki/Chile_national_football_team');
INSERT INTO "WORLDCUP"."TEAM" (ID, TEAM_NAME, GROUP_STAGE, STILL_IN_COMPETITION, WIKI) VALUES ('8', 'Australia', '2', 'Y', 'http://en.wikipedia.org/wiki/Australia_national_association_football_team');
INSERT INTO "WORLDCUP"."TEAM" (ID, TEAM_NAME, GROUP_STAGE, STILL_IN_COMPETITION, WIKI) VALUES ('9', 'Colombia', '3', 'Y', 'http://en.wikipedia.org/wiki/Colombia_national_football_team');
INSERT INTO "WORLDCUP"."TEAM" (ID, TEAM_NAME, GROUP_STAGE, STILL_IN_COMPETITION, WIKI) VALUES ('10', 'Greece', '3', 'Y', 'http://en.wikipedia.org/wiki/Greece_national_football_team');
INSERT INTO "WORLDCUP"."TEAM" (ID, TEAM_NAME, GROUP_STAGE, STILL_IN_COMPETITION, WIKI) VALUES ('11', 'Ivory Coast', '3', 'Y', 'http://en.wikipedia.org/wiki/Ivory_Coast_national_football_team');
INSERT INTO "WORLDCUP"."TEAM" (ID, TEAM_NAME, GROUP_STAGE, STILL_IN_COMPETITION, WIKI) VALUES ('12', 'Japan', '3', 'Y', 'http://en.wikipedia.org/wiki/Japan_national_football_team');
INSERT INTO "WORLDCUP"."TEAM" (ID, TEAM_NAME, GROUP_STAGE, STILL_IN_COMPETITION, WIKI) VALUES ('13', 'Uruguay', '4', 'Y', 'http://en.wikipedia.org/wiki/Uruguay_national_football_team');
INSERT INTO "WORLDCUP"."TEAM" (ID, TEAM_NAME, GROUP_STAGE, STILL_IN_COMPETITION, WIKI) VALUES ('14', 'Costa Rica', '4', 'Y', 'http://en.wikipedia.org/wiki/Costa_Rica_national_football_team');
INSERT INTO "WORLDCUP"."TEAM" (ID, TEAM_NAME, GROUP_STAGE, STILL_IN_COMPETITION, WIKI) VALUES ('15', 'England', '4', 'Y', 'http://en.wikipedia.org/wiki/England_national_football_team');
INSERT INTO "WORLDCUP"."TEAM" (ID, TEAM_NAME, GROUP_STAGE, STILL_IN_COMPETITION, WIKI) VALUES ('16', 'Italy', '4', 'Y', 'http://en.wikipedia.org/wiki/Italy_national_football_team');
INSERT INTO "WORLDCUP"."TEAM" (ID, TEAM_NAME, GROUP_STAGE, STILL_IN_COMPETITION, WIKI) VALUES ('17', 'Switzerland', '5', 'Y', 'http://en.wikipedia.org/wiki/Switzerland_national_football_team');
INSERT INTO "WORLDCUP"."TEAM" (ID, TEAM_NAME, GROUP_STAGE, STILL_IN_COMPETITION, WIKI) VALUES ('18', 'Ecuador', '5', 'Y', 'http://en.wikipedia.org/wiki/Ecuador_national_football_team');
INSERT INTO "WORLDCUP"."TEAM" (ID, TEAM_NAME, GROUP_STAGE, STILL_IN_COMPETITION, WIKI) VALUES ('19', 'France', '5', 'Y', 'http://en.wikipedia.org/wiki/France_national_football_team');
INSERT INTO "WORLDCUP"."TEAM" (ID, TEAM_NAME, GROUP_STAGE, STILL_IN_COMPETITION, WIKI) VALUES ('20', 'Honduras', '5', 'Y', 'http://en.wikipedia.org/wiki/Honduras_national_football_team');
INSERT INTO "WORLDCUP"."TEAM" (ID, TEAM_NAME, GROUP_STAGE, STILL_IN_COMPETITION, WIKI) VALUES ('21', 'Argentina', '6', 'Y', 'http://en.wikipedia.org/wiki/Argentina_national_football_team');
INSERT INTO "WORLDCUP"."TEAM" (ID, TEAM_NAME, GROUP_STAGE, STILL_IN_COMPETITION, WIKI) VALUES ('22', 'Bosnia-Herzegovina', '6', 'Y', 'http://en.wikipedia.org/wiki/Bosnia_and_Herzegovina_national_football_team');
INSERT INTO "WORLDCUP"."TEAM" (ID, TEAM_NAME, GROUP_STAGE, STILL_IN_COMPETITION, WIKI) VALUES ('23', 'Iran', '6', 'Y', 'http://en.wikipedia.org/wiki/Iran_national_football_team');
INSERT INTO "WORLDCUP"."TEAM" (ID, TEAM_NAME, GROUP_STAGE, STILL_IN_COMPETITION, WIKI) VALUES ('24', 'Nigeria', '6', 'Y', 'http://en.wikipedia.org/wiki/Nigeria_national_football_team');
INSERT INTO "WORLDCUP"."TEAM" (ID, TEAM_NAME, GROUP_STAGE, STILL_IN_COMPETITION, WIKI) VALUES ('25', 'Germany', '7', 'Y', 'http://en.wikipedia.org/wiki/Germany_national_football_team');
INSERT INTO "WORLDCUP"."TEAM" (ID, TEAM_NAME, GROUP_STAGE, STILL_IN_COMPETITION, WIKI) VALUES ('26', 'Portugal', '7', 'Y', 'http://en.wikipedia.org/wiki/Portugal_national_football_team');
INSERT INTO "WORLDCUP"."TEAM" (ID, TEAM_NAME, GROUP_STAGE, STILL_IN_COMPETITION, WIKI) VALUES ('27', 'Ghana', '7', 'Y', 'http://en.wikipedia.org/wiki/Ghana_national_football_team');
INSERT INTO "WORLDCUP"."TEAM" (ID, TEAM_NAME, GROUP_STAGE, STILL_IN_COMPETITION, WIKI) VALUES ('28', 'United States', '7', 'Y', 'http://en.wikipedia.org/wiki/United_States_men%27s_national_soccer_team');
INSERT INTO "WORLDCUP"."TEAM" (ID, TEAM_NAME, GROUP_STAGE, STILL_IN_COMPETITION, WIKI) VALUES ('29', 'Belgium', '8', 'Y', 'http://en.wikipedia.org/wiki/Belgium_national_football_team');
INSERT INTO "WORLDCUP"."TEAM" (ID, TEAM_NAME, GROUP_STAGE, STILL_IN_COMPETITION, WIKI) VALUES ('30', 'Algeria', '8', 'Y', 'http://en.wikipedia.org/wiki/Algeria_national_football_team');
INSERT INTO "WORLDCUP"."TEAM" (ID, TEAM_NAME, GROUP_STAGE, STILL_IN_COMPETITION, WIKI) VALUES ('31', 'Russia', '8', 'Y', 'http://en.wikipedia.org/wiki/Russia_national_football_team');
INSERT INTO "WORLDCUP"."TEAM" (ID, TEAM_NAME, GROUP_STAGE, STILL_IN_COMPETITION, WIKI) VALUES ('32', 'South Korea', '8', 'Y', 'http://en.wikipedia.org/wiki/South_Korea_national_football_team');

-- VENUE
INSERT INTO "WORLDCUP"."VENUE" (ID, CITY, STADIUM, TIMEZONE, UTC_OFFSET, IANA_TIMEZONE, WIKI_CITY, WIKI_STADIUM) VALUES ('1', 'Rio de Janeiro', 'Estádio do Maracanã', 'BRT', '-3', 'America/Sao_Paulo', 'http://en.wikipedia.org/wiki/Rio_de_Janeiro', 'http://en.wikipedia.org/wiki/Est%C3%A1dio_do_Maracan%C3%A3');
INSERT INTO "WORLDCUP"."VENUE" (ID, CITY, STADIUM, TIMEZONE, UTC_OFFSET, IANA_TIMEZONE, WIKI_CITY, WIKI_STADIUM) VALUES ('2', 'Brasília', 'Estádio Nacional Mané Garrincha', 'BRT', '-3', 'America/Sao_Paulo', 'http://en.wikipedia.org/wiki/Bras%C3%Adlia', 'http://en.wikipedia.org/wiki/Est%C3%A1dio_Nacional_Man%C3%A9_Garrincha');
INSERT INTO "WORLDCUP"."VENUE" (ID, CITY, STADIUM, TIMEZONE, UTC_OFFSET, IANA_TIMEZONE, WIKI_CITY, WIKI_STADIUM) VALUES ('3', 'São Paulo', 'Arena Corinthians', 'BRT', '-3', 'America/Sao_Paulo', 'http://en.wikipedia.org/wiki/S%C3%A3o_Paulo', 'http://en.wikipedia.org/wiki/Arena_Corinthians');
INSERT INTO "WORLDCUP"."VENUE" (ID, CITY, STADIUM, TIMEZONE, UTC_OFFSET, IANA_TIMEZONE, WIKI_CITY, WIKI_STADIUM) VALUES ('4', 'Fortaleza', 'Estádio Castelão', 'BRT', '-3', 'America/Fortaleza', 'http://en.wikipedia.org/wiki/Fortaleza', 'http://en.wikipedia.org/wiki/Castel%C3%A3o_(Cear%C3%A1)');
INSERT INTO "WORLDCUP"."VENUE" (ID, CITY, STADIUM, TIMEZONE, UTC_OFFSET, IANA_TIMEZONE, WIKI_CITY, WIKI_STADIUM) VALUES ('5', 'Belo Horizonte', 'Estádio Mineirão', 'BRT', '-3', 'America/Sao_Paulo', 'http://en.wikipedia.org/wiki/Belo_Horizonte', 'http://en.wikipedia.org/wiki/Mineir%C3%A3o');
INSERT INTO "WORLDCUP"."VENUE" (ID, CITY, STADIUM, TIMEZONE, UTC_OFFSET, IANA_TIMEZONE, WIKI_CITY, WIKI_STADIUM) VALUES ('6', 'Porto Alegre', 'Estádio Beira-Rio', 'BRT', '-3', 'America/Sao_Paulo', 'http://en.wikipedia.org/wiki/Porto_Alegre', 'http://en.wikipedia.org/wiki/Est%C3%A1dio_Beira-Rio');
INSERT INTO "WORLDCUP"."VENUE" (ID, CITY, STADIUM, TIMEZONE, UTC_OFFSET, IANA_TIMEZONE, WIKI_CITY, WIKI_STADIUM) VALUES ('7', 'Salvador', 'Arena Fonte Nova', 'BRT', '-3', 'America/Fortaleza', 'http://en.wikipedia.org/wiki/Salvador,_Bahia', 'http://en.wikipedia.org/wiki/Itaipava_Arena_Fonte_Nova');
INSERT INTO "WORLDCUP"."VENUE" (ID, CITY, STADIUM, TIMEZONE, UTC_OFFSET, IANA_TIMEZONE, WIKI_CITY, WIKI_STADIUM) VALUES ('8', 'Recife', 'Arena Pernambuco', 'BRT', '-3', 'America/Fortaleza', 'http://en.wikipedia.org/wiki/Recife', 'http://en.wikipedia.org/wiki/Itaipava_Arena_Pernambuco');
INSERT INTO "WORLDCUP"."VENUE" (ID, CITY, STADIUM, TIMEZONE, UTC_OFFSET, IANA_TIMEZONE, WIKI_CITY, WIKI_STADIUM) VALUES ('9', 'Cuiabá', 'Arena Pantanal', 'AMT', '-4', 'America/Cuiaba', 'http://en.wikipedia.org/wiki/Cuiab%C3%A1', 'http://en.wikipedia.org/wiki/Arena_Pantanal');
INSERT INTO "WORLDCUP"."VENUE" (ID, CITY, STADIUM, TIMEZONE, UTC_OFFSET, IANA_TIMEZONE, WIKI_CITY, WIKI_STADIUM) VALUES ('10', 'Manaus', 'Arena da Amazônia', 'AST', '-4', 'America/Manaus', 'http://en.wikipedia.org/wiki/Manaus', 'http://en.wikipedia.org/wiki/Arena_da_Amaz%C3%B4nia');
INSERT INTO "WORLDCUP"."VENUE" (ID, CITY, STADIUM, TIMEZONE, UTC_OFFSET, IANA_TIMEZONE, WIKI_CITY, WIKI_STADIUM) VALUES ('11', 'Natal', 'Arena das Dunas', 'BRT', '-3', 'America/Fortaleza', 'http://en.wikipedia.org/wiki/Natal,_Rio_Grande_do_Norte', 'http://en.wikipedia.org/wiki/Arena_das_Dunas');
INSERT INTO "WORLDCUP"."VENUE" (ID, CITY, STADIUM, TIMEZONE, UTC_OFFSET, IANA_TIMEZONE, WIKI_CITY, WIKI_STADIUM) VALUES ('12', 'Curitiba', 'Arena da Baixada', 'BRT', '-3', 'America/Sao_Paulo', 'http://en.wikipedia.org/wiki/Curitiba', 'http://en.wikipedia.org/wiki/Arena_da_Baixada');

-- COUNTRY
INSERT INTO "WORLDCUP"."COUNTRY" (ID, NAME, FLAG) VALUES ('1', 'Afghanistan', 'Afghanistan-Flag.ico');
INSERT INTO "WORLDCUP"."COUNTRY" (ID, NAME, FLAG) VALUES ('2', 'Albania', 'Albania-Flag.ico');
INSERT INTO "WORLDCUP"."COUNTRY" (ID, NAME, FLAG) VALUES ('3', 'Algeria', 'Algeria-Flag.ico');
INSERT INTO "WORLDCUP"."COUNTRY" (ID, NAME, FLAG) VALUES ('4', 'Andorra', 'Andorra-Flag.ico');
INSERT INTO "WORLDCUP"."COUNTRY" (ID, NAME, FLAG) VALUES ('5', 'Angola', 'Angola-Flag.ico');
INSERT INTO "WORLDCUP"."COUNTRY" (ID, NAME, FLAG) VALUES ('6', 'Antarctica', 'Antarctica-Flag.ico');
INSERT INTO "WORLDCUP"."COUNTRY" (ID, NAME, FLAG) VALUES ('7', 'Antigua and Barbuda', 'Antigua-and-Barbuda-Flag.ico');
INSERT INTO "WORLDCUP"."COUNTRY" (ID, NAME, FLAG) VALUES ('8', 'Argentina', 'Argentina-Flag.ico');
INSERT INTO "WORLDCUP"."COUNTRY" (ID, NAME, FLAG) VALUES ('9', 'Armenia', 'Armenia-Flag.ico');
INSERT INTO "WORLDCUP"."COUNTRY" (ID, NAME, FLAG) VALUES ('10', 'Australia', 'Australia-Flag.ico');
INSERT INTO "WORLDCUP"."COUNTRY" (ID, NAME, FLAG) VALUES ('11', 'Austria', 'Austria-Flag.ico');
INSERT INTO "WORLDCUP"."COUNTRY" (ID, NAME, FLAG) VALUES ('12', 'Azerbaijan', 'Azerbaijan-Flag.ico');
INSERT INTO "WORLDCUP"."COUNTRY" (ID, NAME, FLAG) VALUES ('13', 'Bahamas', 'Bahamas-Flag.ico');
INSERT INTO "WORLDCUP"."COUNTRY" (ID, NAME, FLAG) VALUES ('14', 'Bahrain', 'Bahrain-Flag.ico');
INSERT INTO "WORLDCUP"."COUNTRY" (ID, NAME, FLAG) VALUES ('15', 'Bangladesh', 'Bangladesh-Flag.ico');
INSERT INTO "WORLDCUP"."COUNTRY" (ID, NAME, FLAG) VALUES ('16', 'Barbados', 'Barbados-Flag.ico');
INSERT INTO "WORLDCUP"."COUNTRY" (ID, NAME, FLAG) VALUES ('17', 'Belarus', 'Belarus-Flag.ico');
INSERT INTO "WORLDCUP"."COUNTRY" (ID, NAME, FLAG) VALUES ('18', 'Belgium', 'Belgium-Flag.ico');
INSERT INTO "WORLDCUP"."COUNTRY" (ID, NAME, FLAG) VALUES ('19', 'Belize', 'Belize-Flag.ico');
INSERT INTO "WORLDCUP"."COUNTRY" (ID, NAME, FLAG) VALUES ('20', 'Benin', 'Benin-Flag.ico');
INSERT INTO "WORLDCUP"."COUNTRY" (ID, NAME, FLAG) VALUES ('21', 'Bhutan', 'Bhutan-Flag.ico');
INSERT INTO "WORLDCUP"."COUNTRY" (ID, NAME, FLAG) VALUES ('22', 'Bolivia', 'Bolivia-Flag.ico');
INSERT INTO "WORLDCUP"."COUNTRY" (ID, NAME, FLAG) VALUES ('23', 'Bonaire', 'Bonaire-Flag.ico');
INSERT INTO "WORLDCUP"."COUNTRY" (ID, NAME, FLAG) VALUES ('24', 'Bosnian', 'Bosnian-Flag.ico');
INSERT INTO "WORLDCUP"."COUNTRY" (ID, NAME, FLAG) VALUES ('25', 'Botswana', 'Botswana-Flag.ico');
INSERT INTO "WORLDCUP"."COUNTRY" (ID, NAME, FLAG) VALUES ('26', 'Brazil', 'Brazil-Flag.ico');
INSERT INTO "WORLDCUP"."COUNTRY" (ID, NAME, FLAG) VALUES ('27', 'Brunei', 'Brunei-Flag.ico');
INSERT INTO "WORLDCUP"."COUNTRY" (ID, NAME, FLAG) VALUES ('28', 'Bulgaria', 'Bulgaria-Flag.ico');
INSERT INTO "WORLDCUP"."COUNTRY" (ID, NAME, FLAG) VALUES ('29', 'Burkina Faso', 'Burkina-Faso-Flag.ico');
INSERT INTO "WORLDCUP"."COUNTRY" (ID, NAME, FLAG) VALUES ('30', 'Burma', 'Burma-Flag.ico');
INSERT INTO "WORLDCUP"."COUNTRY" (ID, NAME, FLAG) VALUES ('31', 'Burundi', 'Burundi-Flag.ico');
INSERT INTO "WORLDCUP"."COUNTRY" (ID, NAME, FLAG) VALUES ('32', 'Cambodia', 'Cambodia-Flag.ico');
INSERT INTO "WORLDCUP"."COUNTRY" (ID, NAME, FLAG) VALUES ('33', 'Cameroon', 'Cameroon-Flag.ico');
INSERT INTO "WORLDCUP"."COUNTRY" (ID, NAME, FLAG) VALUES ('34', 'Canada', 'Canada-Flag.ico');
INSERT INTO "WORLDCUP"."COUNTRY" (ID, NAME, FLAG) VALUES ('35', 'Cape Verde', 'Cape-Verde-Flag.ico');
INSERT INTO "WORLDCUP"."COUNTRY" (ID, NAME, FLAG) VALUES ('36', 'Central African Republic', 'Central-African-Republic-Flag.ico');
INSERT INTO "WORLDCUP"."COUNTRY" (ID, NAME, FLAG) VALUES ('37', 'Chad', 'Chad-Flag.ico');
INSERT INTO "WORLDCUP"."COUNTRY" (ID, NAME, FLAG) VALUES ('38', 'Chile', 'Chile-Flag.ico');
INSERT INTO "WORLDCUP"."COUNTRY" (ID, NAME, FLAG) VALUES ('39', 'China', 'China-Flag.ico');
INSERT INTO "WORLDCUP"."COUNTRY" (ID, NAME, FLAG) VALUES ('40', 'Cocos Islands', 'Cocos-Islands-Flag.ico');
INSERT INTO "WORLDCUP"."COUNTRY" (ID, NAME, FLAG) VALUES ('41', 'Colombia', 'Colombia-Flag.ico');
INSERT INTO "WORLDCUP"."COUNTRY" (ID, NAME, FLAG) VALUES ('42', 'Comoros', 'Comoros-Flag.ico');
INSERT INTO "WORLDCUP"."COUNTRY" (ID, NAME, FLAG) VALUES ('43', 'Congo', 'Congo-Flag.ico');
INSERT INTO "WORLDCUP"."COUNTRY" (ID, NAME, FLAG) VALUES ('44', 'Cook Islands', 'Cook-Islands-Flag.ico');
INSERT INTO "WORLDCUP"."COUNTRY" (ID, NAME, FLAG) VALUES ('45', 'Costa Rica', 'Costa-Rica-Flag.ico');
INSERT INTO "WORLDCUP"."COUNTRY" (ID, NAME, FLAG) VALUES ('46', 'Croatian', 'Croatian-Flag.ico');
INSERT INTO "WORLDCUP"."COUNTRY" (ID, NAME, FLAG) VALUES ('47', 'Cuba', 'Cuba-Flag.ico');
INSERT INTO "WORLDCUP"."COUNTRY" (ID, NAME, FLAG) VALUES ('48', 'Curacao', 'Curacao-Flag.ico');
INSERT INTO "WORLDCUP"."COUNTRY" (ID, NAME, FLAG) VALUES ('49', 'Cyprus', 'Cyprus-Flag.ico');
INSERT INTO "WORLDCUP"."COUNTRY" (ID, NAME, FLAG) VALUES ('50', 'Czech Republic', 'Czech-Republic-Flag.ico');
INSERT INTO "WORLDCUP"."COUNTRY" (ID, NAME, FLAG) VALUES ('51', 'Denmark', 'Denmark-Flag.ico');
INSERT INTO "WORLDCUP"."COUNTRY" (ID, NAME, FLAG) VALUES ('52', 'Djibouti', 'Djibouti-Flag.ico');
INSERT INTO "WORLDCUP"."COUNTRY" (ID, NAME, FLAG) VALUES ('53', 'Dominica  ', 'Dominica - Flag.ico');
INSERT INTO "WORLDCUP"."COUNTRY" (ID, NAME, FLAG) VALUES ('54', 'Dominican Republic', 'Dominican-Republic-Flag.ico');
INSERT INTO "WORLDCUP"."COUNTRY" (ID, NAME, FLAG) VALUES ('55', 'DR Congo', 'DR-Congo-Flag.ico');
INSERT INTO "WORLDCUP"."COUNTRY" (ID, NAME, FLAG) VALUES ('56', 'East Timor', 'East-Timor-Flag.ico');
INSERT INTO "WORLDCUP"."COUNTRY" (ID, NAME, FLAG) VALUES ('57', 'Ecuador', 'Ecuador-Flag.ico');
INSERT INTO "WORLDCUP"."COUNTRY" (ID, NAME, FLAG) VALUES ('58', 'Egypt', 'Egypt-Flag.ico');
INSERT INTO "WORLDCUP"."COUNTRY" (ID, NAME, FLAG) VALUES ('59', 'El Salvador', 'El-Salvador-Flag.ico');
INSERT INTO "WORLDCUP"."COUNTRY" (ID, NAME, FLAG) VALUES ('60', 'England', 'England-Flag.ico');
INSERT INTO "WORLDCUP"."COUNTRY" (ID, NAME, FLAG) VALUES ('61', 'Equatorial Guinea', 'Equatorial-Guinea-Flag.ico');
INSERT INTO "WORLDCUP"."COUNTRY" (ID, NAME, FLAG) VALUES ('62', 'Eritrea', 'Eritrea-Flag.ico');
INSERT INTO "WORLDCUP"."COUNTRY" (ID, NAME, FLAG) VALUES ('63', 'Estonia', 'Estonia-Flag.ico');
INSERT INTO "WORLDCUP"."COUNTRY" (ID, NAME, FLAG) VALUES ('64', 'Ethiopia', 'Ethiopia-Flag.ico');
INSERT INTO "WORLDCUP"."COUNTRY" (ID, NAME, FLAG) VALUES ('65', 'Faroe Islands', 'Faroe-Islands-Flag.ico');
INSERT INTO "WORLDCUP"."COUNTRY" (ID, NAME, FLAG) VALUES ('66', 'Fiji', 'Fiji-Flag.ico');
INSERT INTO "WORLDCUP"."COUNTRY" (ID, NAME, FLAG) VALUES ('67', 'Finland', 'Finland-Flag.ico');
INSERT INTO "WORLDCUP"."COUNTRY" (ID, NAME, FLAG) VALUES ('68', 'France', 'France-Flag.ico');
INSERT INTO "WORLDCUP"."COUNTRY" (ID, NAME, FLAG) VALUES ('69', 'Gabon', 'Gabon-Flag.ico');
INSERT INTO "WORLDCUP"."COUNTRY" (ID, NAME, FLAG) VALUES ('70', 'Gambia', 'Gambia-Flag.ico');
INSERT INTO "WORLDCUP"."COUNTRY" (ID, NAME, FLAG) VALUES ('71', 'Georgia', 'Georgia-Flag.ico');
INSERT INTO "WORLDCUP"."COUNTRY" (ID, NAME, FLAG) VALUES ('72', 'Germany', 'Germany-Flag.ico');
INSERT INTO "WORLDCUP"."COUNTRY" (ID, NAME, FLAG) VALUES ('73', 'Ghana', 'Ghana-Flag.ico');
INSERT INTO "WORLDCUP"."COUNTRY" (ID, NAME, FLAG) VALUES ('74', 'Gibraltar', 'Gibraltar-Flag.ico');
INSERT INTO "WORLDCUP"."COUNTRY" (ID, NAME, FLAG) VALUES ('75', 'Greece', 'Greece-Flag.ico');
INSERT INTO "WORLDCUP"."COUNTRY" (ID, NAME, FLAG) VALUES ('76', 'Greenland', 'Greenland-Flag.ico');
INSERT INTO "WORLDCUP"."COUNTRY" (ID, NAME, FLAG) VALUES ('77', 'Grenada', 'Grenada-Flag.ico');
INSERT INTO "WORLDCUP"."COUNTRY" (ID, NAME, FLAG) VALUES ('78', 'Guam', 'Guam-Flag.ico');
INSERT INTO "WORLDCUP"."COUNTRY" (ID, NAME, FLAG) VALUES ('79', 'Guatemala', 'Guatemala-Flag.ico');
INSERT INTO "WORLDCUP"."COUNTRY" (ID, NAME, FLAG) VALUES ('80', 'Guernsey', 'Guernsey-Flag.ico');
INSERT INTO "WORLDCUP"."COUNTRY" (ID, NAME, FLAG) VALUES ('81', 'Guinea Bissau', 'Guinea-Bissau-Flag.ico');
INSERT INTO "WORLDCUP"."COUNTRY" (ID, NAME, FLAG) VALUES ('82', 'Guinea', 'Guinea-Flag.ico');
INSERT INTO "WORLDCUP"."COUNTRY" (ID, NAME, FLAG) VALUES ('83', 'Guyana', 'Guyana-Flag.ico');
INSERT INTO "WORLDCUP"."COUNTRY" (ID, NAME, FLAG) VALUES ('84', 'Haiti', 'Haiti-Flag.ico');
INSERT INTO "WORLDCUP"."COUNTRY" (ID, NAME, FLAG) VALUES ('85', 'Honduras', 'Honduras-Flag.ico');
INSERT INTO "WORLDCUP"."COUNTRY" (ID, NAME, FLAG) VALUES ('86', 'Hong Kong', 'Hong-Kong-Flag.ico');
INSERT INTO "WORLDCUP"."COUNTRY" (ID, NAME, FLAG) VALUES ('87', 'Hungary', 'Hungary-Flag.ico');
INSERT INTO "WORLDCUP"."COUNTRY" (ID, NAME, FLAG) VALUES ('88', 'Iceland', 'Iceland-Flag.ico');
INSERT INTO "WORLDCUP"."COUNTRY" (ID, NAME, FLAG) VALUES ('89', 'India', 'India-Flag.ico');
INSERT INTO "WORLDCUP"."COUNTRY" (ID, NAME, FLAG) VALUES ('90', 'Indonesia', 'Indonesia-Flag.ico');
INSERT INTO "WORLDCUP"."COUNTRY" (ID, NAME, FLAG) VALUES ('91', 'Iran', 'Iran-Flag.ico');
INSERT INTO "WORLDCUP"."COUNTRY" (ID, NAME, FLAG) VALUES ('92', 'Iraq', 'Iraq-Flag.ico');
INSERT INTO "WORLDCUP"."COUNTRY" (ID, NAME, FLAG) VALUES ('93', 'Ireland', 'Ireland-Flag.ico');
INSERT INTO "WORLDCUP"."COUNTRY" (ID, NAME, FLAG) VALUES ('94', 'Isle of Man', 'Isle-of-Man-Flag.ico');
INSERT INTO "WORLDCUP"."COUNTRY" (ID, NAME, FLAG) VALUES ('95', 'Israel', 'Israel-Flag.ico');
INSERT INTO "WORLDCUP"."COUNTRY" (ID, NAME, FLAG) VALUES ('96', 'Italy', 'Italy-Flag.ico');
INSERT INTO "WORLDCUP"."COUNTRY" (ID, NAME, FLAG) VALUES ('97', 'Ivory Coast', 'Ivory-Coast-Flag.ico');
INSERT INTO "WORLDCUP"."COUNTRY" (ID, NAME, FLAG) VALUES ('98', 'Jamaica', 'Jamaica-Flag.ico');
INSERT INTO "WORLDCUP"."COUNTRY" (ID, NAME, FLAG) VALUES ('99', 'Japan', 'Japan-Flag.ico');
INSERT INTO "WORLDCUP"."COUNTRY" (ID, NAME, FLAG) VALUES ('100', 'Jersey', 'Jersey-Flag.ico');
INSERT INTO "WORLDCUP"."COUNTRY" (ID, NAME, FLAG) VALUES ('101', 'Jordan', 'Jordan-Flag.ico');
INSERT INTO "WORLDCUP"."COUNTRY" (ID, NAME, FLAG) VALUES ('102', 'Kazakhstan', 'Kazakhstan-Flag.ico');
INSERT INTO "WORLDCUP"."COUNTRY" (ID, NAME, FLAG) VALUES ('103', 'Kenya', 'Kenya-Flag.ico');
INSERT INTO "WORLDCUP"."COUNTRY" (ID, NAME, FLAG) VALUES ('104', 'Kiribati', 'Kiribati-Flag.ico');
INSERT INTO "WORLDCUP"."COUNTRY" (ID, NAME, FLAG) VALUES ('105', 'Korea', 'Korea-Flag.ico');
INSERT INTO "WORLDCUP"."COUNTRY" (ID, NAME, FLAG) VALUES ('106', 'Kosovo', 'Kosovo-Flag.ico');
INSERT INTO "WORLDCUP"."COUNTRY" (ID, NAME, FLAG) VALUES ('107', 'Kuwait', 'Kuwait-Flag.ico');
INSERT INTO "WORLDCUP"."COUNTRY" (ID, NAME, FLAG) VALUES ('108', 'Kyrgyzstan', 'Kyrgyzstan-Flag.ico');
INSERT INTO "WORLDCUP"."COUNTRY" (ID, NAME, FLAG) VALUES ('109', 'Laos', 'Laos-Flag.ico');
INSERT INTO "WORLDCUP"."COUNTRY" (ID, NAME, FLAG) VALUES ('110', 'Latvia', 'Latvia-Flag.ico');
INSERT INTO "WORLDCUP"."COUNTRY" (ID, NAME, FLAG) VALUES ('111', 'Lebanon', 'Lebanon-Flag.ico');
INSERT INTO "WORLDCUP"."COUNTRY" (ID, NAME, FLAG) VALUES ('112', 'Lesotho', 'Lesotho-Flag.ico');
INSERT INTO "WORLDCUP"."COUNTRY" (ID, NAME, FLAG) VALUES ('113', 'Liberia', 'Liberia-Flag.ico');
INSERT INTO "WORLDCUP"."COUNTRY" (ID, NAME, FLAG) VALUES ('114', 'Libya', 'Libya-Flag.ico');
INSERT INTO "WORLDCUP"."COUNTRY" (ID, NAME, FLAG) VALUES ('115', 'Liechtenstein', 'Liechtenstein-Flag.ico');
INSERT INTO "WORLDCUP"."COUNTRY" (ID, NAME, FLAG) VALUES ('116', 'Lithuania', 'Lithuania-Flag.ico');
INSERT INTO "WORLDCUP"."COUNTRY" (ID, NAME, FLAG) VALUES ('117', 'Luxembourg', 'Luxembourg-Flag.ico');
INSERT INTO "WORLDCUP"."COUNTRY" (ID, NAME, FLAG) VALUES ('118', 'Macau', 'Macau-Flag.ico');
INSERT INTO "WORLDCUP"."COUNTRY" (ID, NAME, FLAG) VALUES ('119', 'Macedonia', 'Macedonia-Flag.ico');
INSERT INTO "WORLDCUP"."COUNTRY" (ID, NAME, FLAG) VALUES ('120', 'Madagascar', 'Madagascar-Flag.ico');
INSERT INTO "WORLDCUP"."COUNTRY" (ID, NAME, FLAG) VALUES ('121', 'Malawi', 'Malawi-Flag.ico');
INSERT INTO "WORLDCUP"."COUNTRY" (ID, NAME, FLAG) VALUES ('122', 'Malaysia', 'Malaysia-Flag.ico');
INSERT INTO "WORLDCUP"."COUNTRY" (ID, NAME, FLAG) VALUES ('123', 'Maldives', 'Maldives-Flag.ico');
INSERT INTO "WORLDCUP"."COUNTRY" (ID, NAME, FLAG) VALUES ('124', 'Mali', 'Mali-Flag.ico');
INSERT INTO "WORLDCUP"."COUNTRY" (ID, NAME, FLAG) VALUES ('125', 'Malta', 'Malta-Flag.ico');
INSERT INTO "WORLDCUP"."COUNTRY" (ID, NAME, FLAG) VALUES ('126', 'Marshall Islands', 'Marshall-Islands-Flag.ico');
INSERT INTO "WORLDCUP"."COUNTRY" (ID, NAME, FLAG) VALUES ('127', 'Mauritania', 'Mauritania-Flag.ico');
INSERT INTO "WORLDCUP"."COUNTRY" (ID, NAME, FLAG) VALUES ('128', 'Mauritius', 'Mauritius-Flag.ico');
INSERT INTO "WORLDCUP"."COUNTRY" (ID, NAME, FLAG) VALUES ('129', 'Mayotte', 'Mayotte-Flag.ico');
INSERT INTO "WORLDCUP"."COUNTRY" (ID, NAME, FLAG) VALUES ('130', 'Mexico', 'Mexico-Flag.ico');
INSERT INTO "WORLDCUP"."COUNTRY" (ID, NAME, FLAG) VALUES ('131', 'Micronesia', 'Micronesia-Flag.ico');
INSERT INTO "WORLDCUP"."COUNTRY" (ID, NAME, FLAG) VALUES ('132', 'Moldova', 'Moldova-Flag.ico');
INSERT INTO "WORLDCUP"."COUNTRY" (ID, NAME, FLAG) VALUES ('133', 'Monaco', 'Monaco-Flag.ico');
INSERT INTO "WORLDCUP"."COUNTRY" (ID, NAME, FLAG) VALUES ('134', 'Mongolia', 'Mongolia-Flag.ico');
INSERT INTO "WORLDCUP"."COUNTRY" (ID, NAME, FLAG) VALUES ('135', 'Montenegro', 'Montenegro-Flag.ico');
INSERT INTO "WORLDCUP"."COUNTRY" (ID, NAME, FLAG) VALUES ('136', 'Montserrat', 'Montserrat-Flag.ico');
INSERT INTO "WORLDCUP"."COUNTRY" (ID, NAME, FLAG) VALUES ('137', 'Morocco', 'Morocco-Flag.ico');
INSERT INTO "WORLDCUP"."COUNTRY" (ID, NAME, FLAG) VALUES ('138', 'Mozambique', 'Mozambique-Flag.ico');
INSERT INTO "WORLDCUP"."COUNTRY" (ID, NAME, FLAG) VALUES ('139', 'Myanmar', 'Myanmar-Flag.ico');
INSERT INTO "WORLDCUP"."COUNTRY" (ID, NAME, FLAG) VALUES ('140', 'Namibia', 'Namibia-Flag.ico');
INSERT INTO "WORLDCUP"."COUNTRY" (ID, NAME, FLAG) VALUES ('141', 'Nauru', 'Nauru-Flag.ico');
INSERT INTO "WORLDCUP"."COUNTRY" (ID, NAME, FLAG) VALUES ('142', 'Nepal', 'Nepal-Flag.ico');
INSERT INTO "WORLDCUP"."COUNTRY" (ID, NAME, FLAG) VALUES ('143', 'Netherlands', 'Netherlands-Flag.ico');
INSERT INTO "WORLDCUP"."COUNTRY" (ID, NAME, FLAG) VALUES ('144', 'New Zealand', 'New-Zealand-Flag.ico');
INSERT INTO "WORLDCUP"."COUNTRY" (ID, NAME, FLAG) VALUES ('145', 'Nicaragua', 'Nicaragua-Flag.ico');
INSERT INTO "WORLDCUP"."COUNTRY" (ID, NAME, FLAG) VALUES ('146', 'Niger', 'Niger-Flag.ico');
INSERT INTO "WORLDCUP"."COUNTRY" (ID, NAME, FLAG) VALUES ('147', 'Nigeria', 'Nigeria-Flag.ico');
INSERT INTO "WORLDCUP"."COUNTRY" (ID, NAME, FLAG) VALUES ('148', 'Niue', 'Niue-Flag.ico');
INSERT INTO "WORLDCUP"."COUNTRY" (ID, NAME, FLAG) VALUES ('149', 'Norfolk Island', 'Norfolk-Island-Flag.ico');
INSERT INTO "WORLDCUP"."COUNTRY" (ID, NAME, FLAG) VALUES ('150', 'North Korea', 'North-Korea-Flag.ico');
INSERT INTO "WORLDCUP"."COUNTRY" (ID, NAME, FLAG) VALUES ('151', 'Northern Ireland', 'Northern-Ireland-Flag.ico');
INSERT INTO "WORLDCUP"."COUNTRY" (ID, NAME, FLAG) VALUES ('152', 'Northern Mariana Islands', 'Northern-Mariana-Islands-Flag.ico');
INSERT INTO "WORLDCUP"."COUNTRY" (ID, NAME, FLAG) VALUES ('153', 'Norway', 'Norway-Flag.ico');
INSERT INTO "WORLDCUP"."COUNTRY" (ID, NAME, FLAG) VALUES ('154', 'Oman', 'Oman-Flag.ico');
INSERT INTO "WORLDCUP"."COUNTRY" (ID, NAME, FLAG) VALUES ('155', 'Pakistan', 'Pakistan-Flag.ico');
INSERT INTO "WORLDCUP"."COUNTRY" (ID, NAME, FLAG) VALUES ('156', 'Palau', 'Palau-Flag.ico');
INSERT INTO "WORLDCUP"."COUNTRY" (ID, NAME, FLAG) VALUES ('157', 'Palestinian Territory', 'Palestinian-Territory-Flag.ico');
INSERT INTO "WORLDCUP"."COUNTRY" (ID, NAME, FLAG) VALUES ('158', 'Panama', 'Panama-Flag.ico');
INSERT INTO "WORLDCUP"."COUNTRY" (ID, NAME, FLAG) VALUES ('159', 'Papua New Guinea', 'Papua-New-Guinea-Flag.ico');
INSERT INTO "WORLDCUP"."COUNTRY" (ID, NAME, FLAG) VALUES ('160', 'Paraguay', 'Paraguay-Flag.ico');
INSERT INTO "WORLDCUP"."COUNTRY" (ID, NAME, FLAG) VALUES ('161', 'Peru', 'Peru-Flag.ico');
INSERT INTO "WORLDCUP"."COUNTRY" (ID, NAME, FLAG) VALUES ('162', 'Philippines', 'Philippines-Flag.ico');
INSERT INTO "WORLDCUP"."COUNTRY" (ID, NAME, FLAG) VALUES ('163', 'Pitcairn', 'Pitcairn-Flag.ico');
INSERT INTO "WORLDCUP"."COUNTRY" (ID, NAME, FLAG) VALUES ('164', 'Poland', 'Poland-Flag.ico');
INSERT INTO "WORLDCUP"."COUNTRY" (ID, NAME, FLAG) VALUES ('165', 'Portugal', 'Portugal-Flag.ico');
INSERT INTO "WORLDCUP"."COUNTRY" (ID, NAME, FLAG) VALUES ('166', 'Puerto Rico', 'Puerto-Rico-Flag.ico');
INSERT INTO "WORLDCUP"."COUNTRY" (ID, NAME, FLAG) VALUES ('167', 'Qatar', 'Qatar-Flag.ico');
INSERT INTO "WORLDCUP"."COUNTRY" (ID, NAME, FLAG) VALUES ('168', 'Reunion', 'Reunion-Flag.ico');
INSERT INTO "WORLDCUP"."COUNTRY" (ID, NAME, FLAG) VALUES ('169', 'Romania', 'Romania-Flag.ico');
INSERT INTO "WORLDCUP"."COUNTRY" (ID, NAME, FLAG) VALUES ('170', 'Russia', 'Russia-Flag.ico');
INSERT INTO "WORLDCUP"."COUNTRY" (ID, NAME, FLAG) VALUES ('171', 'Rwanda', 'Rwanda-Flag.ico');
INSERT INTO "WORLDCUP"."COUNTRY" (ID, NAME, FLAG) VALUES ('172', 'Saint Barthelemy', 'Saint-Barthelemy-Flag.ico');
INSERT INTO "WORLDCUP"."COUNTRY" (ID, NAME, FLAG) VALUES ('173', 'Saint Helena and Dependencies', 'Saint-Helena-and-Dependencies-Flag.ico');
INSERT INTO "WORLDCUP"."COUNTRY" (ID, NAME, FLAG) VALUES ('174', 'Saint Helena', 'Saint-Helena-Flag.ico');
INSERT INTO "WORLDCUP"."COUNTRY" (ID, NAME, FLAG) VALUES ('175', 'Saint Kitts and Nevis', 'Saint-Kitts-and-Nevis-Flag.ico');
INSERT INTO "WORLDCUP"."COUNTRY" (ID, NAME, FLAG) VALUES ('176', 'Saint Lucia', 'Saint-Lucia-Flag.ico');
INSERT INTO "WORLDCUP"."COUNTRY" (ID, NAME, FLAG) VALUES ('177', 'Saint Martin', 'Saint-Martin-Flag.ico');
INSERT INTO "WORLDCUP"."COUNTRY" (ID, NAME, FLAG) VALUES ('178', 'Saint Pierre and Miquelon', 'Saint-Pierre-and Miquelon-Flag.ico');
INSERT INTO "WORLDCUP"."COUNTRY" (ID, NAME, FLAG) VALUES ('179', 'Saint Pierre and Miquelon', 'Saint-Pierre-and-Miquelon Flag.ico');
INSERT INTO "WORLDCUP"."COUNTRY" (ID, NAME, FLAG) VALUES ('180', 'Saint Vincent and the Grenadines', 'Saint-Vincent-and-the-Grenadines-Flag.ico');
INSERT INTO "WORLDCUP"."COUNTRY" (ID, NAME, FLAG) VALUES ('181', 'Samoa', 'Samoa-Flag.ico');
INSERT INTO "WORLDCUP"."COUNTRY" (ID, NAME, FLAG) VALUES ('182', 'San Marino', 'San-Marino-Flag.ico');
INSERT INTO "WORLDCUP"."COUNTRY" (ID, NAME, FLAG) VALUES ('183', 'Sao Tome and Principe', 'Sao-Tome-and-Principe-Flag.ico');
INSERT INTO "WORLDCUP"."COUNTRY" (ID, NAME, FLAG) VALUES ('184', 'Saudi Arabia', 'Saudi-Arabia-Flag.ico');
INSERT INTO "WORLDCUP"."COUNTRY" (ID, NAME, FLAG) VALUES ('185', 'Scotland', 'Scotland-Flag.ico');
INSERT INTO "WORLDCUP"."COUNTRY" (ID, NAME, FLAG) VALUES ('186', 'Senegal', 'Senegal-Flag.ico');
INSERT INTO "WORLDCUP"."COUNTRY" (ID, NAME, FLAG) VALUES ('187', 'Serbia', 'Serbia-Flag.ico');
INSERT INTO "WORLDCUP"."COUNTRY" (ID, NAME, FLAG) VALUES ('188', 'Seychelles', 'Seychelles-Flag.ico');
INSERT INTO "WORLDCUP"."COUNTRY" (ID, NAME, FLAG) VALUES ('189', 'Sierra Leone', 'Sierra-Leone-Flag.ico');
INSERT INTO "WORLDCUP"."COUNTRY" (ID, NAME, FLAG) VALUES ('190', 'Singapore', 'Singapore-Flag.ico');
INSERT INTO "WORLDCUP"."COUNTRY" (ID, NAME, FLAG) VALUES ('191', 'Sint Eustatius', 'Sint-Eustatius-Flag.ico');
INSERT INTO "WORLDCUP"."COUNTRY" (ID, NAME, FLAG) VALUES ('192', 'Sint Maarten', 'Sint-Maarten-flag.ico');
INSERT INTO "WORLDCUP"."COUNTRY" (ID, NAME, FLAG) VALUES ('193', 'Slovakia', 'Slovakia-Flag.ico');
INSERT INTO "WORLDCUP"."COUNTRY" (ID, NAME, FLAG) VALUES ('194', 'Slovenia', 'Slovenia-Flag.ico');
INSERT INTO "WORLDCUP"."COUNTRY" (ID, NAME, FLAG) VALUES ('195', 'Solomon Islands', 'Solomon-Islands-Flag.ico');
INSERT INTO "WORLDCUP"."COUNTRY" (ID, NAME, FLAG) VALUES ('196', 'Somalia', 'Somalia-Flag.ico');
INSERT INTO "WORLDCUP"."COUNTRY" (ID, NAME, FLAG) VALUES ('197', 'South Africa', 'South-Africa-Flag.ico');
INSERT INTO "WORLDCUP"."COUNTRY" (ID, NAME, FLAG) VALUES ('198', 'South Georgia', 'South-Georgia-Flag.ico');
INSERT INTO "WORLDCUP"."COUNTRY" (ID, NAME, FLAG) VALUES ('199', 'South Sudan', 'South-Sudan-Flag.ico');
INSERT INTO "WORLDCUP"."COUNTRY" (ID, NAME, FLAG) VALUES ('200', 'Spain', 'Spain-Flag.ico');
INSERT INTO "WORLDCUP"."COUNTRY" (ID, NAME, FLAG) VALUES ('201', 'Sri Lanka', 'Sri-Lanka-Flag.ico');
INSERT INTO "WORLDCUP"."COUNTRY" (ID, NAME, FLAG) VALUES ('202', 'Sudan', 'Sudan-Flag.ico');
INSERT INTO "WORLDCUP"."COUNTRY" (ID, NAME, FLAG) VALUES ('203', 'Suriname', 'Suriname-Flag.ico');
INSERT INTO "WORLDCUP"."COUNTRY" (ID, NAME, FLAG) VALUES ('204', 'Svalbard', 'Svalbard-Flag.ico');
INSERT INTO "WORLDCUP"."COUNTRY" (ID, NAME, FLAG) VALUES ('205', 'Swaziland', 'Swaziland-Flag.ico');
INSERT INTO "WORLDCUP"."COUNTRY" (ID, NAME, FLAG) VALUES ('206', 'Sweden', 'Sweden-Flag.ico');
INSERT INTO "WORLDCUP"."COUNTRY" (ID, NAME, FLAG) VALUES ('207', 'Switzerland', 'Switzerland-Flag.ico');
INSERT INTO "WORLDCUP"."COUNTRY" (ID, NAME, FLAG) VALUES ('208', 'Syria', 'Syria-Flag.ico');
INSERT INTO "WORLDCUP"."COUNTRY" (ID, NAME, FLAG) VALUES ('209', 'Taiwan', 'Taiwan-Flag.ico');
INSERT INTO "WORLDCUP"."COUNTRY" (ID, NAME, FLAG) VALUES ('210', 'Tajikistan', 'Tajikistan-Flag.ico');
INSERT INTO "WORLDCUP"."COUNTRY" (ID, NAME, FLAG) VALUES ('211', 'Tanzania', 'Tanzania-Flag.ico');
INSERT INTO "WORLDCUP"."COUNTRY" (ID, NAME, FLAG) VALUES ('212', 'Thailand', 'Thailand-Flag.ico');
INSERT INTO "WORLDCUP"."COUNTRY" (ID, NAME, FLAG) VALUES ('213', 'Timor Leste', 'Timor-Leste-Flag.ico');
INSERT INTO "WORLDCUP"."COUNTRY" (ID, NAME, FLAG) VALUES ('214', 'Togo', 'Togo-Flag.ico');
INSERT INTO "WORLDCUP"."COUNTRY" (ID, NAME, FLAG) VALUES ('215', 'Tokelau', 'Tokelau-Flag.ico');
INSERT INTO "WORLDCUP"."COUNTRY" (ID, NAME, FLAG) VALUES ('216', 'Tonga', 'Tonga-Flag.ico');
INSERT INTO "WORLDCUP"."COUNTRY" (ID, NAME, FLAG) VALUES ('217', 'Trinidad and Tobago', 'Trinidad-and-Tobago-Flag.ico');
INSERT INTO "WORLDCUP"."COUNTRY" (ID, NAME, FLAG) VALUES ('218', 'Tunisia', 'Tunisia-Flag.ico');
INSERT INTO "WORLDCUP"."COUNTRY" (ID, NAME, FLAG) VALUES ('219', 'Turkey', 'Turkey-Flag.ico');
INSERT INTO "WORLDCUP"."COUNTRY" (ID, NAME, FLAG) VALUES ('220', 'Turkmenistan', 'Turkmenistan-Flag.ico');
INSERT INTO "WORLDCUP"."COUNTRY" (ID, NAME, FLAG) VALUES ('221', 'Turks and Caicos Islands', 'Turks-and-Caicos-Islands-Flag.ico');
INSERT INTO "WORLDCUP"."COUNTRY" (ID, NAME, FLAG) VALUES ('222', 'Tuvalu', 'Tuvalu-Flag.ico');
INSERT INTO "WORLDCUP"."COUNTRY" (ID, NAME, FLAG) VALUES ('223', 'Uganda', 'Uganda-Flag.ico');
INSERT INTO "WORLDCUP"."COUNTRY" (ID, NAME, FLAG) VALUES ('224', 'Ukraine', 'Ukraine-Flag.ico');
INSERT INTO "WORLDCUP"."COUNTRY" (ID, NAME, FLAG) VALUES ('225', 'United Arab Emirates', 'United-Arab-Emirates-Flag.ico');
INSERT INTO "WORLDCUP"."COUNTRY" (ID, NAME, FLAG) VALUES ('226', 'United Kingdom', 'United-Kingdom-Flag.ico');
INSERT INTO "WORLDCUP"."COUNTRY" (ID, NAME, FLAG) VALUES ('227', 'United States', 'United-States-Flag.ico');
INSERT INTO "WORLDCUP"."COUNTRY" (ID, NAME, FLAG) VALUES ('228', 'Uruguay', 'Uruguay-Flag.ico');
INSERT INTO "WORLDCUP"."COUNTRY" (ID, NAME, FLAG) VALUES ('229', 'Uzbekistan', 'Uzbekistan-Flag.ico');
INSERT INTO "WORLDCUP"."COUNTRY" (ID, NAME, FLAG) VALUES ('230', 'Vanuatu', 'Vanuatu-Flag.ico');
INSERT INTO "WORLDCUP"."COUNTRY" (ID, NAME, FLAG) VALUES ('231', 'Vatican', 'Vatican-Flag.ico');
INSERT INTO "WORLDCUP"."COUNTRY" (ID, NAME, FLAG) VALUES ('232', 'Venezuela', 'Venezuela-Flag.ico');
INSERT INTO "WORLDCUP"."COUNTRY" (ID, NAME, FLAG) VALUES ('233', 'Vietnam', 'Vietnam-Flag.ico');
INSERT INTO "WORLDCUP"."COUNTRY" (ID, NAME, FLAG) VALUES ('234', 'Virgin Islands', 'Virgin-Islands-Flag.ico');
INSERT INTO "WORLDCUP"."COUNTRY" (ID, NAME, FLAG) VALUES ('235', 'Wales', 'Wales-Flag.ico');
INSERT INTO "WORLDCUP"."COUNTRY" (ID, NAME, FLAG) VALUES ('236', 'Wallis and Futuna', 'Wallis-and-Futuna-Flag.ico');
INSERT INTO "WORLDCUP"."COUNTRY" (ID, NAME, FLAG) VALUES ('237', 'Western Sahara', 'Western-Sahara-Flag.ico');
INSERT INTO "WORLDCUP"."COUNTRY" (ID, NAME, FLAG) VALUES ('238', 'Yemen', 'Yemen-Flag.ico');
INSERT INTO "WORLDCUP"."COUNTRY" (ID, NAME, FLAG) VALUES ('239', 'Zambia', 'Zambia-Flag.ico');
INSERT INTO "WORLDCUP"."COUNTRY" (ID, NAME, FLAG) VALUES ('240', 'Zimbabwe', 'Zimbabwe-Flag.ico');

-- COMPETITOR
INSERT INTO "WORLDCUP"."COMPETITOR" (ID, USERNAME, PASSWORD, FIRST_NAME, LAST_NAME, EMAIL, COUNTRY, TEAM, ADMIN, UPDATED_BY, DATE_CREATED, DATE_UPDATED) VALUES ( SEQ_COMPETITOR_ID.nextVal, '127003326', 'CHANGEME', 'Johannes', 'Griesser', 'johannes.griesser@nbcuni.com', 11, 15, 'Y', NULL, SYSDATE, NULL);

-- MATCH
INSERT INTO "WORLDCUP"."MATCH" (ID, KICKOFF_DATETIME, BROADCASTER, VENUE, GROUP_STAGE, TEAM_HOME, TEAM_AWAY) VALUES ('1', TO_DATE('2014-06-12 21:00:00', 'YYYY-MM-DD HH24:MI:SS'), 'ITV', '3', '1', '1', '2');
INSERT INTO "WORLDCUP"."MATCH" (ID, KICKOFF_DATETIME, BROADCASTER, VENUE, GROUP_STAGE, TEAM_HOME, TEAM_AWAY) VALUES ('2', TO_DATE('2014-06-13 17:00:00', 'YYYY-MM-DD HH24:MI:SS'), 'ITV', '11', '1', '3', '4');
INSERT INTO "WORLDCUP"."MATCH" (ID, KICKOFF_DATETIME, BROADCASTER, VENUE, GROUP_STAGE, TEAM_HOME, TEAM_AWAY) VALUES ('3', TO_DATE('2014-06-13 20:00:00', 'YYYY-MM-DD HH24:MI:SS'), 'BBC', '7', '2', '5', '6');
INSERT INTO "WORLDCUP"."MATCH" (ID, KICKOFF_DATETIME, BROADCASTER, VENUE, GROUP_STAGE, TEAM_HOME, TEAM_AWAY) VALUES ('4', TO_DATE('2014-06-13 23:00:00', 'YYYY-MM-DD HH24:MI:SS'), 'ITV', '9', '2', '7', '8');
INSERT INTO "WORLDCUP"."MATCH" (ID, KICKOFF_DATETIME, BROADCASTER, VENUE, GROUP_STAGE, TEAM_HOME, TEAM_AWAY) VALUES ('5', TO_DATE('2014-06-14 17:00:00', 'YYYY-MM-DD HH24:MI:SS'), 'BBC', '5', '3', '9', '10');
INSERT INTO "WORLDCUP"."MATCH" (ID, KICKOFF_DATETIME, BROADCASTER, VENUE, GROUP_STAGE, TEAM_HOME, TEAM_AWAY) VALUES ('6', TO_DATE('2014-06-15 02:00:00', 'YYYY-MM-DD HH24:MI:SS'), 'ITV', '8', '3', '11', '12');
INSERT INTO "WORLDCUP"."MATCH" (ID, KICKOFF_DATETIME, BROADCASTER, VENUE, GROUP_STAGE, TEAM_HOME, TEAM_AWAY) VALUES ('7', TO_DATE('2014-06-14 20:00:00', 'YYYY-MM-DD HH24:MI:SS'), 'ITV', '4', '4', '13', '14');
INSERT INTO "WORLDCUP"."MATCH" (ID, KICKOFF_DATETIME, BROADCASTER, VENUE, GROUP_STAGE, TEAM_HOME, TEAM_AWAY) VALUES ('8', TO_DATE('2014-06-14 23:00:00', 'YYYY-MM-DD HH24:MI:SS'), 'BBC', '10', '4', '15', '16');
INSERT INTO "WORLDCUP"."MATCH" (ID, KICKOFF_DATETIME, BROADCASTER, VENUE, GROUP_STAGE, TEAM_HOME, TEAM_AWAY) VALUES ('9', TO_DATE('2014-06-15 17:00:00', 'YYYY-MM-DD HH24:MI:SS'), 'ITV', '2', '5', '17', '18');
INSERT INTO "WORLDCUP"."MATCH" (ID, KICKOFF_DATETIME, BROADCASTER, VENUE, GROUP_STAGE, TEAM_HOME, TEAM_AWAY) VALUES ('10', TO_DATE('2014-06-15 20:00:00', 'YYYY-MM-DD HH24:MI:SS'), 'BBC', '6', '5', '19', '20');
INSERT INTO "WORLDCUP"."MATCH" (ID, KICKOFF_DATETIME, BROADCASTER, VENUE, GROUP_STAGE, TEAM_HOME, TEAM_AWAY) VALUES ('11', TO_DATE('2014-06-15 23:00:00', 'YYYY-MM-DD HH24:MI:SS'), 'BBC', '1', '6', '21', '22');
INSERT INTO "WORLDCUP"."MATCH" (ID, KICKOFF_DATETIME, BROADCASTER, VENUE, GROUP_STAGE, TEAM_HOME, TEAM_AWAY) VALUES ('12', TO_DATE('2014-06-16 17:00:00', 'YYYY-MM-DD HH24:MI:SS'), 'BBC', '12', '6', '23', '24');
INSERT INTO "WORLDCUP"."MATCH" (ID, KICKOFF_DATETIME, BROADCASTER, VENUE, GROUP_STAGE, TEAM_HOME, TEAM_AWAY) VALUES ('13', TO_DATE('2014-06-16 17:00:00', 'YYYY-MM-DD HH24:MI:SS'), 'ITV', '7', '7', '25', '26');
INSERT INTO "WORLDCUP"."MATCH" (ID, KICKOFF_DATETIME, BROADCASTER, VENUE, GROUP_STAGE, TEAM_HOME, TEAM_AWAY) VALUES ('14', TO_DATE('2014-06-16 23:00:00', 'YYYY-MM-DD HH24:MI:SS'), 'BBC', '11', '7', '27', '28');
INSERT INTO "WORLDCUP"."MATCH" (ID, KICKOFF_DATETIME, BROADCASTER, VENUE, GROUP_STAGE, TEAM_HOME, TEAM_AWAY) VALUES ('15', TO_DATE('2014-06-17 17:00:00', 'YYYY-MM-DD HH24:MI:SS'), 'ITV', '5', '8', '29', '30');
INSERT INTO "WORLDCUP"."MATCH" (ID, KICKOFF_DATETIME, BROADCASTER, VENUE, GROUP_STAGE, TEAM_HOME, TEAM_AWAY) VALUES ('16', TO_DATE('2014-06-17 23:00:00', 'YYYY-MM-DD HH24:MI:SS'), 'BBC', '9', '8', '31', '32');
INSERT INTO "WORLDCUP"."MATCH" (ID, KICKOFF_DATETIME, BROADCASTER, VENUE, GROUP_STAGE, TEAM_HOME, TEAM_AWAY) VALUES ('17', TO_DATE('2014-06-17 20:00:00', 'YYYY-MM-DD HH24:MI:SS'), 'BBC', '4', '1', '1', '3');
INSERT INTO "WORLDCUP"."MATCH" (ID, KICKOFF_DATETIME, BROADCASTER, VENUE, GROUP_STAGE, TEAM_HOME, TEAM_AWAY) VALUES ('18', TO_DATE('2014-06-18 23:00:00', 'YYYY-MM-DD HH24:MI:SS'), 'ITV', '10', '1', '4', '2');
INSERT INTO "WORLDCUP"."MATCH" (ID, KICKOFF_DATETIME, BROADCASTER, VENUE, GROUP_STAGE, TEAM_HOME, TEAM_AWAY) VALUES ('19', TO_DATE('2014-06-18 20:00:00', 'YYYY-MM-DD HH24:MI:SS'), 'BBC', '1', '2', '5', '7');
INSERT INTO "WORLDCUP"."MATCH" (ID, KICKOFF_DATETIME, BROADCASTER, VENUE, GROUP_STAGE, TEAM_HOME, TEAM_AWAY) VALUES ('20', TO_DATE('2014-06-18 17:00:00', 'YYYY-MM-DD HH24:MI:SS'), 'ITV', '6', '2', '8', '6');
INSERT INTO "WORLDCUP"."MATCH" (ID, KICKOFF_DATETIME, BROADCASTER, VENUE, GROUP_STAGE, TEAM_HOME, TEAM_AWAY) VALUES ('21', TO_DATE('2014-06-19 17:00:00', 'YYYY-MM-DD HH24:MI:SS'), 'BBC', '2', '3', '9', '11');
INSERT INTO "WORLDCUP"."MATCH" (ID, KICKOFF_DATETIME, BROADCASTER, VENUE, GROUP_STAGE, TEAM_HOME, TEAM_AWAY) VALUES ('22', TO_DATE('2014-06-19 23:00:00', 'YYYY-MM-DD HH24:MI:SS'), 'BBC', '11', '3', '12', '10');
INSERT INTO "WORLDCUP"."MATCH" (ID, KICKOFF_DATETIME, BROADCASTER, VENUE, GROUP_STAGE, TEAM_HOME, TEAM_AWAY) VALUES ('23', TO_DATE('2014-06-19 20:00:00', 'YYYY-MM-DD HH24:MI:SS'), 'ITV', '3', '4', '13', '15');
INSERT INTO "WORLDCUP"."MATCH" (ID, KICKOFF_DATETIME, BROADCASTER, VENUE, GROUP_STAGE, TEAM_HOME, TEAM_AWAY) VALUES ('24', TO_DATE('2014-06-20 17:00:00', 'YYYY-MM-DD HH24:MI:SS'), 'BBC', '8', '4', '16', '14');
INSERT INTO "WORLDCUP"."MATCH" (ID, KICKOFF_DATETIME, BROADCASTER, VENUE, GROUP_STAGE, TEAM_HOME, TEAM_AWAY) VALUES ('25', TO_DATE('2014-06-20 20:00:00', 'YYYY-MM-DD HH24:MI:SS'), 'ITV', '7', '5', '17', '19');
INSERT INTO "WORLDCUP"."MATCH" (ID, KICKOFF_DATETIME, BROADCASTER, VENUE, GROUP_STAGE, TEAM_HOME, TEAM_AWAY) VALUES ('26', TO_DATE('2014-06-20 23:00:00', 'YYYY-MM-DD HH24:MI:SS'), 'ITV', '12', '5', '20', '18');
INSERT INTO "WORLDCUP"."MATCH" (ID, KICKOFF_DATETIME, BROADCASTER, VENUE, GROUP_STAGE, TEAM_HOME, TEAM_AWAY) VALUES ('27', TO_DATE('2014-06-21 17:00:00', 'YYYY-MM-DD HH24:MI:SS'), 'ITV', '5', '6', '21', '23');
INSERT INTO "WORLDCUP"."MATCH" (ID, KICKOFF_DATETIME, BROADCASTER, VENUE, GROUP_STAGE, TEAM_HOME, TEAM_AWAY) VALUES ('28', TO_DATE('2014-06-21 23:00:00', 'YYYY-MM-DD HH24:MI:SS'), 'BBC', '9', '6', '24', '22');
INSERT INTO "WORLDCUP"."MATCH" (ID, KICKOFF_DATETIME, BROADCASTER, VENUE, GROUP_STAGE, TEAM_HOME, TEAM_AWAY) VALUES ('29', TO_DATE('2014-06-21 20:00:00', 'YYYY-MM-DD HH24:MI:SS'), 'BBC', '4', '7', '25', '27');
INSERT INTO "WORLDCUP"."MATCH" (ID, KICKOFF_DATETIME, BROADCASTER, VENUE, GROUP_STAGE, TEAM_HOME, TEAM_AWAY) VALUES ('30', TO_DATE('2014-06-22 23:00:00', 'YYYY-MM-DD HH24:MI:SS'), 'BBC', '10', '7', '28', '26');
INSERT INTO "WORLDCUP"."MATCH" (ID, KICKOFF_DATETIME, BROADCASTER, VENUE, GROUP_STAGE, TEAM_HOME, TEAM_AWAY) VALUES ('31', TO_DATE('2014-06-22 17:00:00', 'YYYY-MM-DD HH24:MI:SS'), 'BBC', '1', '8', '29', '31');
INSERT INTO "WORLDCUP"."MATCH" (ID, KICKOFF_DATETIME, BROADCASTER, VENUE, GROUP_STAGE, TEAM_HOME, TEAM_AWAY) VALUES ('32', TO_DATE('2014-06-22 20:00:00', 'YYYY-MM-DD HH24:MI:SS'), 'ITV', '6', '8', '32', '30');
INSERT INTO "WORLDCUP"."MATCH" (ID, KICKOFF_DATETIME, BROADCASTER, VENUE, GROUP_STAGE, TEAM_HOME, TEAM_AWAY) VALUES ('33', TO_DATE('2014-06-23 21:00:00', 'YYYY-MM-DD HH24:MI:SS'), 'ITV', '2', '1', '4', '1');
INSERT INTO "WORLDCUP"."MATCH" (ID, KICKOFF_DATETIME, BROADCASTER, VENUE, GROUP_STAGE, TEAM_HOME, TEAM_AWAY) VALUES ('34', TO_DATE('2014-06-23 21:00:00', 'YYYY-MM-DD HH24:MI:SS'), 'ITV', '8', '1', '2', '3');
INSERT INTO "WORLDCUP"."MATCH" (ID, KICKOFF_DATETIME, BROADCASTER, VENUE, GROUP_STAGE, TEAM_HOME, TEAM_AWAY) VALUES ('35', TO_DATE('2014-06-23 17:00:00', 'YYYY-MM-DD HH24:MI:SS'), 'ITV', '12', '2', '8', '5');
INSERT INTO "WORLDCUP"."MATCH" (ID, KICKOFF_DATETIME, BROADCASTER, VENUE, GROUP_STAGE, TEAM_HOME, TEAM_AWAY) VALUES ('36', TO_DATE('2014-06-23 17:00:00', 'YYYY-MM-DD HH24:MI:SS'), 'ITV', '3', '2', '6', '7');
INSERT INTO "WORLDCUP"."MATCH" (ID, KICKOFF_DATETIME, BROADCASTER, VENUE, GROUP_STAGE, TEAM_HOME, TEAM_AWAY) VALUES ('37', TO_DATE('2014-06-24 21:00:00', 'YYYY-MM-DD HH24:MI:SS'), 'BBC', '9', '3', '12', '9');
INSERT INTO "WORLDCUP"."MATCH" (ID, KICKOFF_DATETIME, BROADCASTER, VENUE, GROUP_STAGE, TEAM_HOME, TEAM_AWAY) VALUES ('38', TO_DATE('2014-06-24 21:00:00', 'YYYY-MM-DD HH24:MI:SS'), 'BBC', '4', '3', '10', '11');
INSERT INTO "WORLDCUP"."MATCH" (ID, KICKOFF_DATETIME, BROADCASTER, VENUE, GROUP_STAGE, TEAM_HOME, TEAM_AWAY) VALUES ('39', TO_DATE('2014-06-24 17:00:00', 'YYYY-MM-DD HH24:MI:SS'), 'ITV', '11', '4', '16', '13');
INSERT INTO "WORLDCUP"."MATCH" (ID, KICKOFF_DATETIME, BROADCASTER, VENUE, GROUP_STAGE, TEAM_HOME, TEAM_AWAY) VALUES ('40', TO_DATE('2014-06-24 17:00:00', 'YYYY-MM-DD HH24:MI:SS'), 'ITV', '5', '4', '14', '15');
INSERT INTO "WORLDCUP"."MATCH" (ID, KICKOFF_DATETIME, BROADCASTER, VENUE, GROUP_STAGE, TEAM_HOME, TEAM_AWAY) VALUES ('41', TO_DATE('2014-06-25 21:00:00', 'YYYY-MM-DD HH24:MI:SS'), 'BBC', '10', '5', '20', '17');
INSERT INTO "WORLDCUP"."MATCH" (ID, KICKOFF_DATETIME, BROADCASTER, VENUE, GROUP_STAGE, TEAM_HOME, TEAM_AWAY) VALUES ('42', TO_DATE('2014-06-25 21:00:00', 'YYYY-MM-DD HH24:MI:SS'), 'BBC', '1', '5', '18', '19');
INSERT INTO "WORLDCUP"."MATCH" (ID, KICKOFF_DATETIME, BROADCASTER, VENUE, GROUP_STAGE, TEAM_HOME, TEAM_AWAY) VALUES ('43', TO_DATE('2014-06-25 17:00:00', 'YYYY-MM-DD HH24:MI:SS'), 'ITV', '6', '6', '24', '21');
INSERT INTO "WORLDCUP"."MATCH" (ID, KICKOFF_DATETIME, BROADCASTER, VENUE, GROUP_STAGE, TEAM_HOME, TEAM_AWAY) VALUES ('44', TO_DATE('2014-06-25 17:00:00', 'YYYY-MM-DD HH24:MI:SS'), 'ITV', '7', '6', '22', '23');
INSERT INTO "WORLDCUP"."MATCH" (ID, KICKOFF_DATETIME, BROADCASTER, VENUE, GROUP_STAGE, TEAM_HOME, TEAM_AWAY) VALUES ('45', TO_DATE('2014-06-26 17:00:00', 'YYYY-MM-DD HH24:MI:SS'), 'BBC', '8', '7', '28', '25');
INSERT INTO "WORLDCUP"."MATCH" (ID, KICKOFF_DATETIME, BROADCASTER, VENUE, GROUP_STAGE, TEAM_HOME, TEAM_AWAY) VALUES ('46', TO_DATE('2014-06-26 17:00:00', 'YYYY-MM-DD HH24:MI:SS'), 'BBC', '2', '7', '26', '27');
INSERT INTO "WORLDCUP"."MATCH" (ID, KICKOFF_DATETIME, BROADCASTER, VENUE, GROUP_STAGE, TEAM_HOME, TEAM_AWAY) VALUES ('47', TO_DATE('2014-06-26 21:00:00', 'YYYY-MM-DD HH24:MI:SS'), 'ITV', '3', '8', '32', '29');
INSERT INTO "WORLDCUP"."MATCH" (ID, KICKOFF_DATETIME, BROADCASTER, VENUE, GROUP_STAGE, TEAM_HOME, TEAM_AWAY) VALUES ('48', TO_DATE('2014-06-26 21:00:00', 'YYYY-MM-DD HH24:MI:SS'), 'ITV', '12', '8', '30', '31');
INSERT INTO "WORLDCUP"."MATCH" (ID, KICKOFF_DATETIME, VENUE, GROUP_STAGE) VALUES ('49', TO_DATE('2014-06-28 17:00:00', 'YYYY-MM-DD HH24:MI:SS'), '5', '9');
INSERT INTO "WORLDCUP"."MATCH" (ID, KICKOFF_DATETIME, VENUE, GROUP_STAGE) VALUES ('50', TO_DATE('2014-06-28 21:00:00', 'YYYY-MM-DD HH24:MI:SS'), '1', '9');
INSERT INTO "WORLDCUP"."MATCH" (ID, KICKOFF_DATETIME, VENUE, GROUP_STAGE) VALUES ('51', TO_DATE('2014-06-29 17:00:00', 'YYYY-MM-DD HH24:MI:SS'), '4', '9');
INSERT INTO "WORLDCUP"."MATCH" (ID, KICKOFF_DATETIME, VENUE, GROUP_STAGE) VALUES ('52', TO_DATE('2014-06-29 21:00:00', 'YYYY-MM-DD HH24:MI:SS'), '8', '9');
INSERT INTO "WORLDCUP"."MATCH" (ID, KICKOFF_DATETIME, VENUE, GROUP_STAGE) VALUES ('53', TO_DATE('2014-06-30 17:00:00', 'YYYY-MM-DD HH24:MI:SS'), '2', '9');
INSERT INTO "WORLDCUP"."MATCH" (ID, KICKOFF_DATETIME, VENUE, GROUP_STAGE) VALUES ('54', TO_DATE('2014-06-30 21:00:00', 'YYYY-MM-DD HH24:MI:SS'), '6', '9');
INSERT INTO "WORLDCUP"."MATCH" (ID, KICKOFF_DATETIME, VENUE, GROUP_STAGE) VALUES ('55', TO_DATE('2014-07-01 17:00:00', 'YYYY-MM-DD HH24:MI:SS'), '3', '9');
INSERT INTO "WORLDCUP"."MATCH" (ID, KICKOFF_DATETIME, VENUE, GROUP_STAGE) VALUES ('56', TO_DATE('2014-07-01 21:00:00', 'YYYY-MM-DD HH24:MI:SS'), '7', '9');
INSERT INTO "WORLDCUP"."MATCH" (ID, KICKOFF_DATETIME, VENUE, GROUP_STAGE) VALUES ('57', TO_DATE('2014-07-04 21:00:00', 'YYYY-MM-DD HH24:MI:SS'), '4', '10');
INSERT INTO "WORLDCUP"."MATCH" (ID, KICKOFF_DATETIME, VENUE, GROUP_STAGE) VALUES ('58', TO_DATE('2014-07-04 17:00:00', 'YYYY-MM-DD HH24:MI:SS'), '1', '10');
INSERT INTO "WORLDCUP"."MATCH" (ID, KICKOFF_DATETIME, VENUE, GROUP_STAGE) VALUES ('59', TO_DATE('2014-07-05 21:00:00', 'YYYY-MM-DD HH24:MI:SS'), '7', '10');
INSERT INTO "WORLDCUP"."MATCH" (ID, KICKOFF_DATETIME, VENUE, GROUP_STAGE) VALUES ('60', TO_DATE('2014-07-05 17:00:00', 'YYYY-MM-DD HH24:MI:SS'), '2', '10');
INSERT INTO "WORLDCUP"."MATCH" (ID, KICKOFF_DATETIME, VENUE, GROUP_STAGE) VALUES ('61', TO_DATE('2014-07-08 21:00:00', 'YYYY-MM-DD HH24:MI:SS'), '5', '11');
INSERT INTO "WORLDCUP"."MATCH" (ID, KICKOFF_DATETIME, VENUE, GROUP_STAGE) VALUES ('62', TO_DATE('2014-07-09 21:00:00', 'YYYY-MM-DD HH24:MI:SS'), '3', '11');
INSERT INTO "WORLDCUP"."MATCH" (ID, KICKOFF_DATETIME, VENUE, GROUP_STAGE) VALUES ('63', TO_DATE('2014-07-12 21:00:00', 'YYYY-MM-DD HH24:MI:SS'), '2', '12');
INSERT INTO "WORLDCUP"."MATCH" (ID, KICKOFF_DATETIME, VENUE, GROUP_STAGE) VALUES ('64', TO_DATE('2014-07-13 20:00:00', 'YYYY-MM-DD HH24:MI:SS'), '1', '13');

COMMIT;